start_time, end_time, is_question, is_pause, curr_sentence_length, speech_rate, is_edit_word, is_reparandum, is_interregnum, is_repair, pcm_RMSenergy_sma, pcm_fftMag_mfcc_sma[1], pcm_fftMag_mfcc_sma[2], pcm_fftMag_mfcc_sma[3], pcm_fftMag_mfcc_sma[4], pcm_fftMag_mfcc_sma[5], pcm_fftMag_mfcc_sma[6], pcm_fftMag_mfcc_sma[7], pcm_fftMag_mfcc_sma[8], pcm_fftMag_mfcc_sma[9], pcm_fftMag_mfcc_sma[10], pcm_fftMag_mfcc_sma[11], pcm_fftMag_mfcc_sma[12], pcm_zcr_sma, voiceProb_sma, F0_sma, pcm_RMSenergy_sma_de, pcm_fftMag_mfcc_sma_de[1], pcm_fftMag_mfcc_sma_de[2], pcm_fftMag_mfcc_sma_de[3], pcm_fftMag_mfcc_sma_de[4], pcm_fftMag_mfcc_sma_de[5], pcm_fftMag_mfcc_sma_de[6], pcm_fftMag_mfcc_sma_de[7], pcm_fftMag_mfcc_sma_de[8], pcm_fftMag_mfcc_sma_de[9], pcm_fftMag_mfcc_sma_de[10], pcm_fftMag_mfcc_sma_de[11], pcm_fftMag_mfcc_sma_de[12], pcm_zcr_sma_de, voiceProb_sma_de, F0_sma_de, AU01_r, AU02_r, AU04_r, AU05_r, AU06_r, AU07_r, AU09_r, AU10_r, AU12_r, AU14_r, AU15_r, AU17_r, AU20_r, AU23_r, AU25_r, AU26_r, AU45_r, AU01_c, AU02_c, AU04_c, AU05_c, AU06_c, AU07_c, AU09_c, AU10_c, AU12_c, AU14_c, AU15_c, AU17_c, AU20_c, AU23_c, AU25_c, AU26_c, AU28_c, AU45_c, UNK
4.214000000000000057e+01, 4.234000000000000341e+01, 1.000000000000000000e+00, 0.000000000000000000e+00, 5.000000000000000000e+00, 4.504504504504506457e+00, 0.000000000000000000e+00, 0.000000000000000000e+00, 0.000000000000000000e+00, 0.000000000000000000e+00, 1.002908220000000086e-02, -5.679872839999999812e+00, -8.728246200000000954e+00, -7.561241359999999467e+00, -3.628570500000000698e-01, -1.173980919999999983e+01, -1.910852600000000123e+01, -5.177532799999999824e+00, 1.118395259999999958e+01, -8.597008399999999995e+00, 3.008580580000000282e+00, -5.478327799999999748e+00, -1.160277460000000005e+01, 8.756249999999998757e-02, 5.791525199999999485e-01, 7.657112999999999658e+01, 2.907157200000000559e-03, 2.248937440000000176e+00, 9.392822400000000460e-01, -1.313201680000000149e+00, -1.702834399999999748e+00, -1.426824799999999893e+00, -1.671050999999999509e-01, -2.982006799999999735e+00, 6.717963600000003144e-01, -9.882921999999998430e-01, -7.153507180000000520e-01, 1.900089000000000139e+00, -2.584775379999999512e+00, -2.457500019999999882e-02, 7.594311199999999318e-02, 3.320276199999999278e+01, 3.780000000000000027e-01, 0.000000000000000000e+00, 3.820000000000000062e-01, 1.799999999999999864e-02, 0.000000000000000000e+00, 1.559999999999999998e-01, 0.000000000000000000e+00, 0.000000000000000000e+00, 0.000000000000000000e+00, 0.000000000000000000e+00, 2.280000000000000360e-01, 0.000000000000000000e+00, 0.000000000000000000e+00, 2.800000000000000405e-02, 6.800000000000000488e-02, 1.000000000000000021e-02, 8.139999999999998348e-01, 1.000000000000000000e+00, 0.000000000000000000e+00, 0.000000000000000000e+00, 0.000000000000000000e+00, 0.000000000000000000e+00, 0.000000000000000000e+00, 0.000000000000000000e+00, 0.000000000000000000e+00, 0.000000000000000000e+00, 0.000000000000000000e+00, 4.000000000000000222e-01, 0.000000000000000000e+00, 0.000000000000000000e+00, 0.000000000000000000e+00, 0.000000000000000000e+00, 0.000000000000000000e+00, 0.000000000000000000e+00, 1.000000000000000000e+00, 1.000000000000000000e+00
4.234000000000000341e+01, 4.249000000000000199e+01, 1.000000000000000000e+00, 0.000000000000000000e+00, 5.000000000000000000e+00, 4.504504504504506457e+00, 0.000000000000000000e+00, 0.000000000000000000e+00, 0.000000000000000000e+00, 0.000000000000000000e+00, 2.661942999999999948e-02, -1.366925150000000144e+01, 3.010811750000000231e+00, 4.005921499999999469e+00, -5.865916750000000235e+00, -2.186938750000000198e+01, -7.980411750000000026e+00, -2.091696499999999759e+01, 5.445473249999999155e+00, -6.948302625000002397e-01, -4.189253499999999519e+00, 2.764772975000000077e+00, -9.805574249999999381e+00, 9.187498250000000755e-02, 4.049678750000000327e-01, 9.590628499999999690e+01, 2.399877500000000517e-03, -1.675652425000000001e+00, 1.358116485000000040e+00, 2.982683999999999891e+00, -4.775127249999999712e-01, -3.793093250000000083e+00, 2.197532750000000146e+00, -4.080039249999999340e-01, -2.168414499999999911e+00, -1.404855324999999988e+00, -7.505673999999999957e-01, 1.444156250000000252e+00, 1.826915249999999880e+00, 7.645834500000000394e-03, -5.852603750000000965e-02, -3.553683500000000350e+01, 3.549999999999999822e-01, 0.000000000000000000e+00, 4.124999999999999778e-01, 2.500000000000000052e-03, 0.000000000000000000e+00, 1.174999999999999933e-01, 0.000000000000000000e+00, 0.000000000000000000e+00, 0.000000000000000000e+00, 0.000000000000000000e+00, 2.149999999999999967e-01, 0.000000000000000000e+00, 0.000000000000000000e+00, 9.750000000000000333e-02, 6.250000000000000000e-02, 2.500000000000000052e-03, 8.100000000000000533e-01, 1.000000000000000000e+00, 0.000000000000000000e+00, 0.000000000000000000e+00, 0.000000000000000000e+00, 0.000000000000000000e+00, 0.000000000000000000e+00, 0.000000000000000000e+00, 0.000000000000000000e+00, 0.000000000000000000e+00, 0.000000000000000000e+00, 2.500000000000000000e-01, 0.000000000000000000e+00, 0.000000000000000000e+00, 0.000000000000000000e+00, 0.000000000000000000e+00, 0.000000000000000000e+00, 0.000000000000000000e+00, 1.000000000000000000e+00, 1.000000000000000000e+00
4.249000000000000199e+01, 4.260000000000000142e+01, 1.000000000000000000e+00, 0.000000000000000000e+00, 5.000000000000000000e+00, 4.504504504504506457e+00, 0.000000000000000000e+00, 0.000000000000000000e+00, 0.000000000000000000e+00, 0.000000000000000000e+00, 1.627282999999999855e-02, -4.364213333333332834e+00, -4.548829133333333274e+00, -1.654897233333333662e-01, -3.800145000000000106e+00, -2.846276333333333142e+01, -7.087676666666666847e+00, -2.158486666666666665e+01, -1.051188033333333216e+00, -1.007779933333333311e+01, 7.077373333333332184e-01, 4.149641699999999211e+00, -4.844786333333334305e+00, 3.986111333333332979e-02, 6.726487333333333041e-01, 5.508066666666666578e+01, -4.115289666666666589e-03, 3.656700666666666155e+00, -2.104019166666666774e+00, -3.917452000000000378e+00, 1.447881333333333131e+00, 2.143607400000000052e+00, -1.838667833333333279e+00, -5.065673000000000537e-01, 2.780779666666666761e-01, 6.857823333333333826e-01, 2.133162666666666762e+00, -1.974880799999999992e+00, -1.221998000000000389e-01, -1.782291566666666452e-02, 1.187555733333333224e-01, 3.436210333333333011e+01, 4.099999999999999756e-01, 0.000000000000000000e+00, 4.133333333333333304e-01, 0.000000000000000000e+00, 0.000000000000000000e+00, 2.700000000000000178e-01, 0.000000000000000000e+00, 0.000000000000000000e+00, 0.000000000000000000e+00, 0.000000000000000000e+00, 1.900000000000000300e-01, 0.000000000000000000e+00, 0.000000000000000000e+00, 1.666666666666666644e-02, 7.333333333333333370e-02, 5.999999999999999778e-02, 8.533333333333333881e-01, 1.000000000000000000e+00, 0.000000000000000000e+00, 0.000000000000000000e+00, 0.000000000000000000e+00, 0.000000000000000000e+00, 0.000000000000000000e+00, 0.000000000000000000e+00, 0.000000000000000000e+00, 0.000000000000000000e+00, 0.000000000000000000e+00, 3.333333333333333148e-01, 0.000000000000000000e+00, 0.000000000000000000e+00, 0.000000000000000000e+00, 0.000000000000000000e+00, 0.000000000000000000e+00, 0.000000000000000000e+00, 1.000000000000000000e+00, 1.000000000000000000e+00
4.260000000000000142e+01, 4.278000000000000114e+01, 1.000000000000000000e+00, 0.000000000000000000e+00, 5.000000000000000000e+00, 4.504504504504506457e+00, 0.000000000000000000e+00, 0.000000000000000000e+00, 0.000000000000000000e+00, 0.000000000000000000e+00, 1.140655160000000022e-02, 2.151733680000000426e+00, -3.746218219999999377e+00, -1.095290060000000132e+01, 2.807767640000000231e+00, -2.423521200000000064e+01, -1.359714500000000115e+01, -1.986944799999999844e+01, 1.641539399999999871e+00, -1.578215400000000157e+00, 5.044368400000000641e+00, -6.695560380000000755e+00, -1.008220080000000074e+01, 2.741666599999999926e-02, 8.058268200000000547e-01, 1.590396199999999851e+02, -1.106581059999999905e-03, 1.557503700000000046e+00, -5.485179999999978406e-03, -2.854527800000000060e+00, 2.450411599999999801e+00, -1.191557400000000932e-01, -1.025910520000000048e+00, 1.780051720000000115e+00, 1.307327120000000065e+00, 1.380234419999999851e+00, 6.900110399999999089e-01, -3.361793000000000031e+00, -1.706454379999999826e+00, -1.214583460000000096e-03, -1.082692800000000476e-02, 1.106129919999999878e+01, 4.219999999999999862e-01, 0.000000000000000000e+00, 4.060000000000000275e-01, 6.000000000000000125e-03, 0.000000000000000000e+00, 1.159999999999999920e-01, 0.000000000000000000e+00, 0.000000000000000000e+00, 0.000000000000000000e+00, 0.000000000000000000e+00, 1.359999999999999820e-01, 0.000000000000000000e+00, 0.000000000000000000e+00, 0.000000000000000000e+00, 4.200000000000000261e-02, 3.200000000000000067e-02, 8.359999999999999654e-01, 1.000000000000000000e+00, 0.000000000000000000e+00, 0.000000000000000000e+00, 0.000000000000000000e+00, 0.000000000000000000e+00, 0.000000000000000000e+00, 0.000000000000000000e+00, 0.000000000000000000e+00, 0.000000000000000000e+00, 0.000000000000000000e+00, 0.000000000000000000e+00, 0.000000000000000000e+00, 0.000000000000000000e+00, 0.000000000000000000e+00, 0.000000000000000000e+00, 0.000000000000000000e+00, 0.000000000000000000e+00, 1.000000000000000000e+00, 1.000000000000000000e+00
4.278000000000000114e+01, 4.325000000000000000e+01, 1.000000000000000000e+00, 0.000000000000000000e+00, 5.000000000000000000e+00, 4.504504504504506457e+00, 0.000000000000000000e+00, 0.000000000000000000e+00, 0.000000000000000000e+00, 0.000000000000000000e+00, 4.417195102500001171e-03, 5.730456916666667455e-01, -2.737070249999999927e+00, -7.217902399999999830e+00, 7.571858583333333392e+00, -1.169436125000000182e+01, -3.395584758333333397e+00, 1.643449750000000320e-01, 3.721183525000000270e+00, -5.302855583333331957e+00, 7.537803333333337186e-01, -9.659104333333333514e+00, -9.451318083333333675e+00, 3.363715250000000323e-02, 4.387702166666665460e-01, 3.688713166666666154e+01, -8.234264216666664681e-04, -1.479157674999999950e+00, 7.366687125000001002e-01, 1.411266305833333456e+00, -5.073188083333333154e-01, 2.256442974999999684e+00, 1.302015058333333641e+00, 9.581642083333333781e-01, -5.179882108333333512e-01, 8.395787166666666967e-02, -5.695724416666666512e-01, 1.057233975000000159e+00, 1.097191791666666694e+00, 1.588455231333333120e-02, -4.467275249999999587e-02, -1.076249375000000263e+01, 3.541666666666666852e-01, 0.000000000000000000e+00, 2.916666666666666852e-01, 0.000000000000000000e+00, 0.000000000000000000e+00, 0.000000000000000000e+00, 0.000000000000000000e+00, 0.000000000000000000e+00, 0.000000000000000000e+00, 0.000000000000000000e+00, 2.750000000000000708e-02, 0.000000000000000000e+00, 4.750000000000000749e-02, 0.000000000000000000e+00, 8.333333333333333218e-03, 2.000000000000000042e-02, 8.316666666666665542e-01, 1.000000000000000000e+00, 0.000000000000000000e+00, 0.000000000000000000e+00, 0.000000000000000000e+00, 0.000000000000000000e+00, 0.000000000000000000e+00, 0.000000000000000000e+00, 0.000000000000000000e+00, 0.000000000000000000e+00, 0.000000000000000000e+00, 0.000000000000000000e+00, 0.000000000000000000e+00, 0.000000000000000000e+00, 0.000000000000000000e+00, 0.000000000000000000e+00, 0.000000000000000000e+00, 0.000000000000000000e+00, 1.000000000000000000e+00, 1.000000000000000000e+00
4.543999999999999773e+01, 4.564000000000000057e+01, 0.000000000000000000e+00, 0.000000000000000000e+00, 1.000000000000000000e+00, 4.999999999999928058e+00, 0.000000000000000000e+00, 0.000000000000000000e+00, 0.000000000000000000e+00, 0.000000000000000000e+00, 9.485418683333330910e-04, -2.113796333333333521e+01, -1.507161833333333334e+01, -8.811140833333332978e+00, 2.772846233333333021e+00, -3.702383616666666821e+00, 1.044676166666666850e+00, -1.263065616666666724e+00, -3.925893499999999481e+00, 1.171168066666666840e+00, 4.034382333333333293e+00, -4.149461999999999762e+00, -1.224234233333333366e+00, 1.746006833333333397e-01, 1.432180333333333278e-01, 0.000000000000000000e+00, -2.253741816666666824e-04, 4.603304166666666863e-01, 6.918220000000000480e-01, 1.102401750000000069e+00, 2.045589633333333435e+00, 1.329769191666666517e+00, 1.033858183333333125e+00, 6.202084833333333380e-01, -1.247138133333333537e-01, 1.004160200000000086e-01, 2.604416499999999135e-01, 7.447350333333331573e-02, 1.436409733333333383e-01, -2.310937366666666534e-02, 7.399083766666665792e-03, 0.000000000000000000e+00, 6.483333333333333171e-01, 3.299999999999999600e-01, 6.283333333333332993e-01, 0.000000000000000000e+00, 0.000000000000000000e+00, 0.000000000000000000e+00, 3.750000000000000000e-01, 0.000000000000000000e+00, 0.000000000000000000e+00, 0.000000000000000000e+00, 3.666666666666667379e-02, 0.000000000000000000e+00, 0.000000000000000000e+00, 0.000000000000000000e+00, 0.000000000000000000e+00, 2.700000000000000178e-01, 2.766666666666666718e-01, 0.000000000000000000e+00, 0.000000000000000000e+00, 0.000000000000000000e+00, 0.000000000000000000e+00, 0.000000000000000000e+00, 0.000000000000000000e+00, 0.000000000000000000e+00, 0.000000000000000000e+00, 0.000000000000000000e+00, 0.000000000000000000e+00, 1.000000000000000000e+00, 3.333333333333333148e-01, 0.000000000000000000e+00, 0.000000000000000000e+00, 0.000000000000000000e+00, 0.000000000000000000e+00, 0.000000000000000000e+00, 1.666666666666666574e-01, 1.000000000000000000e+00
4.943999999999999773e+01, 5.015999999999999659e+01, 0.000000000000000000e+00, 0.000000000000000000e+00, 1.000000000000000000e+00, 1.388888888888890838e+00, 0.000000000000000000e+00, 0.000000000000000000e+00, 0.000000000000000000e+00, 0.000000000000000000e+00, 6.044926097894736533e-03, -6.344396131578946552e+00, -1.397282857894736807e+01, 2.102066631578933809e-01, 4.009211052631579619e+00, -1.124818642105263145e+01, -1.073816789473684175e+01, -4.562197967105263707e+00, 8.753006031578948409e+00, -1.274330573684210988e+00, -2.329780807368420970e+00, -4.338792289473684782e+00, -5.783869959894737178e+00, 7.226974210526314335e-02, 5.387416578947368251e-01, 8.321622105263156755e+01, -3.048098305263158129e-04, -1.913829473684208748e-01, 2.868397684210526877e-01, 1.033732105263159701e-02, 4.018057684210527003e-01, 2.606649063157894242e-01, 9.834909789473685882e-01, 9.060621473684225824e-02, -5.609248989473685221e-01, -4.477466842105262690e-02, 8.078057894736931713e-03, 2.432659678947369231e-01, 2.857383242105263066e-01, -4.148575243157895560e-03, -6.946635842105264476e-03, 2.087414526315789942e+00, 7.500000000000002220e-01, 8.110526315789472473e-01, 5.426315789473682427e-01, 2.842105263157894759e-02, 0.000000000000000000e+00, 0.000000000000000000e+00, 0.000000000000000000e+00, 0.000000000000000000e+00, 0.000000000000000000e+00, 0.000000000000000000e+00, 1.957894736842105687e-01, 0.000000000000000000e+00, 0.000000000000000000e+00, 7.231578947368419996e-01, 0.000000000000000000e+00, 3.478947368421052566e-01, 1.602631578947368629e+00, 1.000000000000000000e+00, 5.263157894736841813e-02, 0.000000000000000000e+00, 0.000000000000000000e+00, 0.000000000000000000e+00, 0.000000000000000000e+00, 0.000000000000000000e+00, 0.000000000000000000e+00, 0.000000000000000000e+00, 0.000000000000000000e+00, 0.000000000000000000e+00, 0.000000000000000000e+00, 0.000000000000000000e+00, 1.000000000000000000e+00, 0.000000000000000000e+00, 0.000000000000000000e+00, 0.000000000000000000e+00, 1.000000000000000000e+00, 1.000000000000000000e+00
6.993999999999999773e+01, 7.018000000000000682e+01, 0.000000000000000000e+00, 0.000000000000000000e+00, 4.000000000000000000e+00, 2.050230650948231537e-01, 0.000000000000000000e+00, 0.000000000000000000e+00, 0.000000000000000000e+00, 0.000000000000000000e+00, 1.249961899999999827e-02, -1.009939611666666792e+01, -6.117130000000000400e+00, -4.488818833333333203e+00, -4.504505333333334249e+00, -1.887777666666666576e+01, -1.660217833333333104e+01, -2.101619333333333373e+01, 5.479611666666666991e+00, -9.403954999999998288e-01, 2.119912166666666042e+00, -1.020311066666667044e+00, -9.317308500000001104e+00, 1.114409666666666548e-01, 4.697158166666666190e-01, 5.008177333333333081e+01, 1.424098733333333455e-03, 3.695526850000000252e+00, 3.073739850000000162e-01, -1.502251998333333560e+00, -3.452123333333324134e-02, -1.354183350000000230e+00, -8.437510000000005006e-02, -1.557256716666666430e+00, -1.817383916666666543e+00, -1.294059216666666678e+00, 1.015994466666666485e+00, -9.272380666666667492e-01, -1.569244316666666750e+00, -3.131597433333332958e-02, 9.775207666666668738e-02, 2.377411550000000418e+01, 5.683333333333333570e-01, 6.666666666666666574e-02, 8.166666666666665408e-01, 0.000000000000000000e+00, 0.000000000000000000e+00, 1.666666666666666644e-02, 0.000000000000000000e+00, 0.000000000000000000e+00, 0.000000000000000000e+00, 0.000000000000000000e+00, 6.450000000000000178e-01, 6.300000000000000044e-01, 8.716666666666667007e-01, 1.850000000000000255e-01, 3.099999999999999978e-01, 0.000000000000000000e+00, 6.049999999999999822e-01, 0.000000000000000000e+00, 0.000000000000000000e+00, 0.000000000000000000e+00, 0.000000000000000000e+00, 0.000000000000000000e+00, 0.000000000000000000e+00, 0.000000000000000000e+00, 0.000000000000000000e+00, 0.000000000000000000e+00, 0.000000000000000000e+00, 0.000000000000000000e+00, 8.333333333333333703e-01, 0.000000000000000000e+00, 1.666666666666666574e-01, 0.000000000000000000e+00, 0.000000000000000000e+00, 0.000000000000000000e+00, 8.333333333333333703e-01, 1.000000000000000000e+00
7.018000000000000682e+01, 7.043000000000000682e+01, 0.000000000000000000e+00, 0.000000000000000000e+00, 4.000000000000000000e+00, 2.050230650948231537e-01, 1.000000000000000000e+00, 0.000000000000000000e+00, 0.000000000000000000e+00, 0.000000000000000000e+00, 1.924172833333333624e-02, -8.127240333333334732e+00, -3.085545983333334075e+00, 4.672420833333333690e+00, -1.181864271666666610e+01, -2.529001333333333434e+01, -1.284304966666666736e+01, -1.763163833333333486e+01, -2.639735088333333479e+00, -1.022932299999999906e+01, 5.370742333333333285e+00, 4.154723833333332728e+00, -7.691207000000001237e+00, 3.303819333333333358e-02, 7.162442000000001086e-01, 1.429284166666666636e+02, 3.252814666666665913e-04, -1.180742249999999771e+00, 5.553487999999999758e-01, 1.611353666666666795e+00, -2.143209099999999978e+00, 3.187726833333333065e-01, 6.280574999999995189e-02, 1.838147599999999882e+00, 6.612011666666679777e-02, -4.238684216666668281e-01, -6.901409333333333729e-01, 4.443713999999999165e-01, 1.286786333333333365e+00, 9.097220833333332507e-04, -2.124603799999999834e-02, -3.503136333333332075e-01, 6.699999999999999289e-01, 3.733333333333333504e-01, 7.616666666666666030e-01, 2.833333333333333537e-02, 0.000000000000000000e+00, 1.000000000000000021e-02, 0.000000000000000000e+00, 0.000000000000000000e+00, 0.000000000000000000e+00, 0.000000000000000000e+00, 6.683333333333333348e-01, 6.066666666666666874e-01, 9.350000000000000533e-01, 2.133333333333332915e-01, 4.333333333333332926e-01, 0.000000000000000000e+00, 1.335000000000000187e+00, 1.666666666666666574e-01, 0.000000000000000000e+00, 0.000000000000000000e+00, 0.000000000000000000e+00, 0.000000000000000000e+00, 0.000000000000000000e+00, 0.000000000000000000e+00, 0.000000000000000000e+00, 0.000000000000000000e+00, 0.000000000000000000e+00, 0.000000000000000000e+00, 3.333333333333333148e-01, 1.666666666666666574e-01, 6.666666666666666297e-01, 0.000000000000000000e+00, 0.000000000000000000e+00, 0.000000000000000000e+00, 6.666666666666666297e-01, 1.000000000000000000e+00
7.043000000000000682e+01, 7.115999999999999659e+01, 0.000000000000000000e+00, 0.000000000000000000e+00, 4.000000000000000000e+00, 2.050230650948231537e-01, 0.000000000000000000e+00, 0.000000000000000000e+00, 0.000000000000000000e+00, 0.000000000000000000e+00, 7.659482574210526792e-03, -1.043060763157894755e+01, 1.571771542105263375e+00, -8.839040263157895705e-01, -3.309583826315790400e+00, -9.020015868421051408e+00, -7.434828652631578549e+00, -1.012009432105262974e+01, -2.745632373684209870e+00, -5.515277531578947290e+00, -1.144143031578947367e+00, 1.221904206315789665e+00, 1.294099736842104997e+00, 6.885964878947367640e-02, 4.586768752631578128e-01, 7.542425684210526526e+01, -8.596787563157895148e-04, -4.009664526315789845e-01, 1.096850873684209193e-01, -4.444601236842105618e-01, 8.055313031578945626e-01, 1.009644963157894759e+00, 6.324447736842104817e-01, 6.810883947368422398e-01, 1.991115526315789253e-01, 4.303506235789472667e-01, -1.338443368421053103e-01, -1.479135421052631960e-01, 3.339831684210526896e-01, 1.260962631578938528e-04, -2.811970587894736806e-02, -7.396989368421053257e+00, 6.826315789473684781e-01, 4.031578947368421040e-01, 9.815789473684209954e-01, 0.000000000000000000e+00, 0.000000000000000000e+00, 8.210526315789475060e-02, 0.000000000000000000e+00, 0.000000000000000000e+00, 0.000000000000000000e+00, 0.000000000000000000e+00, 8.621052631578948189e-01, 4.989473684210526394e-01, 3.968421052631578294e-01, 2.621052631578947856e-01, 6.057894736842106553e-01, 0.000000000000000000e+00, 1.613684210526315610e+00, 0.000000000000000000e+00, 0.000000000000000000e+00, 0.000000000000000000e+00, 0.000000000000000000e+00, 0.000000000000000000e+00, 0.000000000000000000e+00, 0.000000000000000000e+00, 0.000000000000000000e+00, 0.000000000000000000e+00, 0.000000000000000000e+00, 0.000000000000000000e+00, 0.000000000000000000e+00, 1.052631578947368363e-01, 9.473684210526315264e-01, 0.000000000000000000e+00, 0.000000000000000000e+00, 0.000000000000000000e+00, 1.000000000000000000e+00, 1.000000000000000000e+00
7.115999999999999659e+01, 8.904000000000000625e+01, 0.000000000000000000e+00, 1.000000000000000000e+00, 4.000000000000000000e+00, 2.050230650948231537e-01, 0.000000000000000000e+00, 0.000000000000000000e+00, 0.000000000000000000e+00, 0.000000000000000000e+00, 2.217629638102677225e-05, -6.764275738392860227e+00, 8.830926497678567300e-01, -9.535426510401786571e-01, 1.307808859752231712e+00, -4.756110195089290338e-01, 3.412980914017856304e-01, -1.832163480544643230e-01, 2.991302038839276783e-02, -4.695521291183034074e-01, -4.252379474419647892e-02, -3.562172352611607251e-01, -2.926011075859375477e-01, 5.831015156093718454e-01, 9.838462483481762166e-02, 6.607881004464284835e+00, 5.991218680406250044e-06, 1.324973641741056902e-03, -2.115640004464285507e-03, 1.677923254910714673e-02, -1.343648290647320165e-02, -3.100447757142857363e-02, -1.833291415401793172e-03, -6.286626935267859706e-03, -7.508018692857144037e-03, -4.808216671651780773e-03, 6.230853812276777696e-03, 4.236357446428578623e-03, -1.338813907745536359e-02, 7.433272767410717971e-04, 9.465917055879504978e-05, 1.808035727484431278e-08, 3.762946428571429247e-01, 4.179241071428573817e-01, 6.361830357142860271e-01, 1.729910714285714038e-02, 6.049107142857142530e-03, 7.696428571428570731e-02, 1.004464285714285832e-03, 1.316964285714285676e-03, 6.160714285714286031e-02, 1.225892857142857201e-01, 3.822098214285713502e-01, 1.453124999999999903e-02, 2.491517857142856174e-01, 4.142857142857143266e-02, 2.003571428571429558e-01, 3.572767857142859493e-01, 1.073660714285713969e+00, 8.906250000000000000e-01, 5.580357142857143155e-02, 0.000000000000000000e+00, 1.116071428571428596e-02, 0.000000000000000000e+00, 0.000000000000000000e+00, 0.000000000000000000e+00, 0.000000000000000000e+00, 6.919642857142857539e-02, 8.370535714285713969e-01, 7.678571428571429047e-01, 0.000000000000000000e+00, 8.928571428571428770e-02, 6.026785714285714385e-02, 7.812500000000000000e-02, 1.718750000000000000e-01, 0.000000000000000000e+00, 7.232142857142856984e-01, 2.000000000000000000e+00
8.904000000000000625e+01, 8.945000000000000284e+01, 0.000000000000000000e+00, 0.000000000000000000e+00, 4.000000000000000000e+00, 2.050230650948231537e-01, 0.000000000000000000e+00, 0.000000000000000000e+00, 0.000000000000000000e+00, 0.000000000000000000e+00, 3.540532983636363214e-03, -5.646292181818181710e+00, -3.840250945454546372e+00, -4.498294545454545990e+00, 2.703876181818181568e+00, -1.553850809090909024e+01, -7.101018709090911152e+00, -5.282061718181818577e+00, 8.066190209090908780e+00, -6.376133863636363586e+00, -9.996535572727272001e-01, -2.541063036363636396e+00, -6.225866090909090822e+00, 9.216856363636362348e-02, 2.943212363636363849e-01, 0.000000000000000000e+00, -6.219594454545451572e-05, 3.911825227272730521e-01, 3.321719818181816941e-01, -4.056460636363635186e-01, 1.200521272727272798e-01, 7.078928090909091253e-01, 3.794959972727272035e-01, -1.213989454545453123e-01, 5.089149999999997842e-02, -5.267356363636357258e-02, -2.307872181818182156e-01, -3.911453545454545155e-01, -7.980471818181809895e-02, -5.093749727272729039e-02, 1.636269727272726508e-03, 0.000000000000000000e+00, 7.545454545454545470e-02, 4.536363636363636709e-01, 4.745454545454545481e-01, 0.000000000000000000e+00, 2.090909090909090842e-02, 1.763636363636363891e-01, 0.000000000000000000e+00, 0.000000000000000000e+00, 4.445454545454545769e-01, 5.354545454545454053e-01, 0.000000000000000000e+00, 0.000000000000000000e+00, 5.190909090909090473e-01, 2.363636363636363591e-02, 9.090909090909092202e-03, 4.836363636363636420e-01, 1.634545454545454524e+00, 9.090909090909091161e-02, 0.000000000000000000e+00, 0.000000000000000000e+00, 0.000000000000000000e+00, 0.000000000000000000e+00, 0.000000000000000000e+00, 0.000000000000000000e+00, 0.000000000000000000e+00, 3.636363636363636465e-01, 9.090909090909090606e-01, 1.818181818181818232e-01, 0.000000000000000000e+00, 4.545454545454545303e-01, 0.000000000000000000e+00, 0.000000000000000000e+00, 1.818181818181818232e-01, 0.000000000000000000e+00, 1.000000000000000000e+00, 2.000000000000000000e+00
1.069399999999999977e+02, 1.076800000000000068e+02, 0.000000000000000000e+00, 0.000000000000000000e+00, 7.000000000000000000e+00, 1.092043681747270290e+00, 0.000000000000000000e+00, 0.000000000000000000e+00, 0.000000000000000000e+00, 0.000000000000000000e+00, 6.578103863157893326e-03, -3.351643635789474107e+00, 8.109829500000003133e-01, -8.814461340000001144e+00, 4.136862072105262911e+00, -1.245692212105262975e+01, -1.505265389473684223e+01, -1.823587571578947930e+01, 1.141826267894736979e+01, -6.438553521052632789e+00, 4.055363947368420874e+00, -2.769616757894736825e+00, -1.363633568421052900e+01, 5.948465105263159303e-02, 6.298892842105263679e-01, 1.122547494736842140e+02, 6.658819263157893763e-04, 1.002580999999952774e-02, 1.738278263157894410e-01, 1.079163167368423909e-01, 2.742001894736844081e-01, 5.651394305263157669e-01, 1.008592966315789319e+00, -7.443533684210514034e-02, -7.472473210526316967e-01, 5.406441947368419987e-01, -1.637860263157895624e-01, -3.905680421052631357e-01, 1.549551578947362500e-02, -9.469298694736840230e-03, 3.110887368421044654e-03, 5.385195631578963971e-01, 3.747368421052630905e-01, 1.052631578947368397e-02, 3.884210526315789447e-01, 0.000000000000000000e+00, 3.157894736842105192e-03, 0.000000000000000000e+00, 0.000000000000000000e+00, 9.789473684210527049e-02, 1.931578947368421117e-01, 0.000000000000000000e+00, 5.542105263157894868e-01, 1.255789473684210344e+00, 3.631578947368420685e-01, 1.521052631578947156e-01, 0.000000000000000000e+00, 0.000000000000000000e+00, 3.242105263157895045e-01, 0.000000000000000000e+00, 0.000000000000000000e+00, 0.000000000000000000e+00, 0.000000000000000000e+00, 0.000000000000000000e+00, 0.000000000000000000e+00, 0.000000000000000000e+00, 0.000000000000000000e+00, 0.000000000000000000e+00, 0.000000000000000000e+00, 1.578947368421052544e-01, 1.000000000000000000e+00, 0.000000000000000000e+00, 0.000000000000000000e+00, 0.000000000000000000e+00, 0.000000000000000000e+00, 0.000000000000000000e+00, 0.000000000000000000e+00, 2.000000000000000000e+00
1.076899999999999977e+02, 1.080300000000000011e+02, 0.000000000000000000e+00, 0.000000000000000000e+00, 7.000000000000000000e+00, 1.092043681747270290e+00, 0.000000000000000000e+00, 0.000000000000000000e+00, 0.000000000000000000e+00, 0.000000000000000000e+00, 1.712848112499999742e-02, -1.488595262499999627e+01, 1.381996287499999587e+00, 4.208970337500000269e+00, -8.616990874999999050e+00, -2.167254624999999990e+01, -7.490542124999999274e+00, -1.482918849999999900e+01, -1.802752787500000009e+00, -8.741614249999999586e+00, -2.424469999999998571e+00, 7.127299124999999513e+00, -3.450504650000000062e+00, 8.838541750000000752e-02, 4.820362624999999790e-01, 6.417112499999998931e+01, -8.007084124999997799e-04, 2.011803262499999967e+00, -8.190560625000002926e-01, 4.661383350000000148e-01, -1.595294512499999762e+00, -2.506454112500000164e+00, -1.225221037500000110e+00, -1.416649597499999969e+00, 3.834730625000000170e-01, -2.374986124999999948e+00, 1.935966741249999901e+00, 3.856136750000001001e-01, 5.463262500000065636e-03, -1.078645853749999987e-02, 2.360975749999999485e-02, 3.712103750000000701e+00, 5.224999999999999645e-01, 6.625000000000000333e-02, 3.987499999999999933e-01, 0.000000000000000000e+00, 0.000000000000000000e+00, 0.000000000000000000e+00, 0.000000000000000000e+00, 6.250000000000000347e-03, 1.749999999999999820e-02, 0.000000000000000000e+00, 1.127499999999999947e+00, 1.536249999999999893e+00, 3.175000000000000044e-01, 3.249999999999999556e-01, 0.000000000000000000e+00, 0.000000000000000000e+00, 4.025000000000000244e-01, 0.000000000000000000e+00, 0.000000000000000000e+00, 0.000000000000000000e+00, 0.000000000000000000e+00, 0.000000000000000000e+00, 0.000000000000000000e+00, 0.000000000000000000e+00, 0.000000000000000000e+00, 0.000000000000000000e+00, 0.000000000000000000e+00, 8.750000000000000000e-01, 1.000000000000000000e+00, 0.000000000000000000e+00, 0.000000000000000000e+00, 0.000000000000000000e+00, 0.000000000000000000e+00, 0.000000000000000000e+00, 0.000000000000000000e+00, 2.000000000000000000e+00
1.080300000000000011e+02, 1.086500000000000057e+02, 0.000000000000000000e+00, 0.000000000000000000e+00, 7.000000000000000000e+00, 1.092043681747270290e+00, 0.000000000000000000e+00, 0.000000000000000000e+00, 0.000000000000000000e+00, 0.000000000000000000e+00, 5.344184058749998877e-03, -1.178693398124999980e+01, 8.981003625000001378e+00, 2.007081149999998981e+00, -9.310327999999998383e+00, -1.441881537499999943e+01, -7.123545631249999843e+00, -9.665883187500002194e+00, -2.790597812499999275e+00, -6.033388737500000154e+00, -2.715776124999998986e-01, -1.677210456249999426e+00, 2.030792318749999659e+00, 1.027734375000000228e-01, 3.965279337500000612e-01, 4.758054812499999997e+01, -4.926261763124999962e-04, -4.681664749999999153e-01, -5.036838749999994480e-02, -6.282576937499998460e-01, 1.170189918750000002e+00, 1.337562723375000040e+00, 4.013456312500000012e-01, 1.344427909312500002e+00, 9.251584499999991607e-02, 6.960048556250000296e-01, -3.413222874999999323e-01, -5.881996875000003455e-02, 1.108076625000000842e-01, 8.774088937499998839e-03, -2.075181493750000161e-02, -2.495543125000000195e+00, 3.168750000000000178e-01, 3.187500000000000056e-02, 1.356875000000000275e+00, 2.500000000000000139e-02, 1.187500000000000083e-01, 6.450000000000000178e-01, 8.250000000000000389e-02, 1.243749999999999994e-01, 2.375000000000000028e-02, 6.875000000000000555e-02, 3.481250000000000178e-01, 7.406249999999999778e-01, 4.024999999999999689e-01, 1.831249999999999822e-01, 5.900000000000000799e-01, 7.312499999999999556e-01, 3.587500000000000133e-01, 3.750000000000000000e-01, 0.000000000000000000e+00, 2.500000000000000000e-01, 0.000000000000000000e+00, 0.000000000000000000e+00, 6.250000000000000000e-02, 0.000000000000000000e+00, 1.875000000000000000e-01, 0.000000000000000000e+00, 3.125000000000000000e-01, 6.250000000000000000e-01, 3.750000000000000000e-01, 0.000000000000000000e+00, 6.250000000000000000e-02, 3.750000000000000000e-01, 5.000000000000000000e-01, 0.000000000000000000e+00, 1.875000000000000000e-01, 2.000000000000000000e+00
1.086500000000000057e+02, 1.123400000000000034e+02, 0.000000000000000000e+00, 1.000000000000000000e+00, 7.000000000000000000e+00, 1.092043681747270290e+00, 0.000000000000000000e+00, 0.000000000000000000e+00, 0.000000000000000000e+00, 0.000000000000000000e+00, 1.060384429945652184e-05, -9.214582880434782908e+00, -5.163226972826088224e-01, -1.647566572282608277e+00, 1.736656932173913370e+00, -1.097050296597826158e+00, 1.651428735869565068e-01, 1.839505082608696163e-01, 1.448037170760869907e+00, 1.086679631413043357e+00, 1.129483368369565532e+00, 1.118434587717391349e+00, 1.087934881521739339e+00, 6.074218801413044933e-01, 1.834507060002412149e-01, 1.838949097826086643e+01, 5.145550791326086746e-06, 9.465546105434781421e-02, 2.084268717391303885e-02, -9.834485651086956326e-02, -4.923808509782608145e-02, -7.828588484782607326e-02, -1.030239195217391018e-01, -1.767702957717391388e-01, -4.663536576086958069e-02, 3.344305163043479606e-02, 4.465872652173911994e-02, 1.232595978260879813e-03, -3.792162485869564337e-02, -1.361074364130434016e-03, 2.918892441352586176e-03, 5.246736086956513279e-02, 4.668478260869564633e-01, 6.128260869565216318e-01, 1.039673913043478226e+00, 3.409782608695651751e-01, 1.804347826086956375e-02, 1.892391304347826042e-01, 8.369565217391305295e-03, 2.923913043478260781e-02, 4.456521739130435422e-03, 3.043478260869565601e-03, 5.853260869565219959e-01, 0.000000000000000000e+00, 1.377173913043478193e-01, 1.173913043478261135e-02, 1.125543478260869756e+00, 7.321739130434782306e-01, 6.727173913043479336e-01, 1.000000000000000000e+00, 3.260869565217391214e-02, 6.521739130434782428e-02, 4.239130434782608647e-01, 0.000000000000000000e+00, 0.000000000000000000e+00, 0.000000000000000000e+00, 6.521739130434782428e-02, 0.000000000000000000e+00, 6.521739130434782428e-02, 5.434782608695651884e-01, 0.000000000000000000e+00, 0.000000000000000000e+00, 0.000000000000000000e+00, 1.000000000000000000e+00, 1.000000000000000000e+00, 0.000000000000000000e+00, 5.434782608695651884e-01, 2.000000000000000000e+00
1.086500000000000057e+02, 1.123400000000000034e+02, 0.000000000000000000e+00, 1.000000000000000000e+00, 7.000000000000000000e+00, 1.092043681747270290e+00, 0.000000000000000000e+00, 0.000000000000000000e+00, 0.000000000000000000e+00, 0.000000000000000000e+00, 1.060384429945652184e-05, -9.214582880434782908e+00, -5.163226972826088224e-01, -1.647566572282608277e+00, 1.736656932173913370e+00, -1.097050296597826158e+00, 1.651428735869565068e-01, 1.839505082608696163e-01, 1.448037170760869907e+00, 1.086679631413043357e+00, 1.129483368369565532e+00, 1.118434587717391349e+00, 1.087934881521739339e+00, 6.074218801413044933e-01, 1.834507060002412149e-01, 1.838949097826086643e+01, 5.145550791326086746e-06, 9.465546105434781421e-02, 2.084268717391303885e-02, -9.834485651086956326e-02, -4.923808509782608145e-02, -7.828588484782607326e-02, -1.030239195217391018e-01, -1.767702957717391388e-01, -4.663536576086958069e-02, 3.344305163043479606e-02, 4.465872652173911994e-02, 1.232595978260879813e-03, -3.792162485869564337e-02, -1.361074364130434016e-03, 2.918892441352586176e-03, 5.246736086956513279e-02, 4.668478260869564633e-01, 6.128260869565216318e-01, 1.039673913043478226e+00, 3.409782608695651751e-01, 1.804347826086956375e-02, 1.892391304347826042e-01, 8.369565217391305295e-03, 2.923913043478260781e-02, 4.456521739130435422e-03, 3.043478260869565601e-03, 5.853260869565219959e-01, 0.000000000000000000e+00, 1.377173913043478193e-01, 1.173913043478261135e-02, 1.125543478260869756e+00, 7.321739130434782306e-01, 6.727173913043479336e-01, 1.000000000000000000e+00, 3.260869565217391214e-02, 6.521739130434782428e-02, 4.239130434782608647e-01, 0.000000000000000000e+00, 0.000000000000000000e+00, 0.000000000000000000e+00, 6.521739130434782428e-02, 0.000000000000000000e+00, 6.521739130434782428e-02, 5.434782608695651884e-01, 0.000000000000000000e+00, 0.000000000000000000e+00, 0.000000000000000000e+00, 1.000000000000000000e+00, 1.000000000000000000e+00, 0.000000000000000000e+00, 5.434782608695651884e-01, 2.000000000000000000e+00
1.123400000000000034e+02, 1.125999999999999943e+02, 0.000000000000000000e+00, 0.000000000000000000e+00, 7.000000000000000000e+00, 1.092043681747270290e+00, 0.000000000000000000e+00, 0.000000000000000000e+00, 0.000000000000000000e+00, 0.000000000000000000e+00, 5.711435971428571214e-03, -6.364395714285714378e-01, -5.057094142857143204e+00, -1.187508728571428662e+01, -2.645977571428571595e-01, -1.576987857142857408e+01, -1.918311714285713876e+01, -1.333235142857142819e+01, 6.984370514285714648e+00, -7.239966571428571918e+00, -6.942686857142856827e-01, 3.053889799999999877e+00, -5.235572857142856584e+00, 4.160714285714284949e-02, 5.876751000000000058e-01, 3.420154999999999745e+01, 7.523710857142856551e-04, 2.375359000000001330e-01, -1.100264999999999826e+00, 1.765546899999999919e+00, 4.982133271428571542e-01, -2.114099265714285636e+00, -1.075329885714285671e+00, 2.218023142857143137e-01, 1.958998142857143021e+00, -2.562081928571429135e+00, -6.381784571428570363e-01, -3.776137428571428312e-01, -1.791135857142857335e-01, -4.702376999999998905e-04, 1.048806442857143188e-02, 1.551637142857136831e-01, 4.028571428571428581e-01, 4.928571428571428825e-01, 8.057142857142857162e-01, 1.085714285714285687e-01, 0.000000000000000000e+00, 8.428571428571429713e-02, 0.000000000000000000e+00, 0.000000000000000000e+00, 0.000000000000000000e+00, 0.000000000000000000e+00, 5.500000000000000444e-01, 0.000000000000000000e+00, 1.757142857142857117e-01, 6.142857142857142960e-02, 5.899999999999999689e-01, 4.742857142857141994e-01, 5.785714285714286254e-01, 1.000000000000000000e+00, 0.000000000000000000e+00, 0.000000000000000000e+00, 7.142857142857143016e-01, 0.000000000000000000e+00, 0.000000000000000000e+00, 0.000000000000000000e+00, 0.000000000000000000e+00, 0.000000000000000000e+00, 0.000000000000000000e+00, 1.000000000000000000e+00, 0.000000000000000000e+00, 0.000000000000000000e+00, 0.000000000000000000e+00, 8.571428571428570953e-01, 1.000000000000000000e+00, 0.000000000000000000e+00, 0.000000000000000000e+00, 2.000000000000000000e+00
1.125999999999999943e+02, 1.127000000000000028e+02, 0.000000000000000000e+00, 0.000000000000000000e+00, 7.000000000000000000e+00, 1.092043681747270290e+00, 0.000000000000000000e+00, 0.000000000000000000e+00, 0.000000000000000000e+00, 0.000000000000000000e+00, 5.248528999999999174e-03, -5.530138999999999250e+00, -2.649977999999999945e+00, 1.509583600000000247e+00, 1.911853333333333405e+00, -2.565040666666666880e+01, -1.904210999999999743e+01, -1.015026300000000070e+01, 1.169017599999999923e+01, -1.274291933333333304e+01, 1.702001700000000062e+00, -2.562377466666666770e+00, -5.846349000000000018e+00, 5.104167000000000426e-02, 3.979435333333333769e-01, 0.000000000000000000e+00, -1.172337999999999955e-04, -2.580812666666666644e+00, 3.027663333333332929e+00, 4.528065999999999924e+00, -2.713668399999999981e+00, -7.558553000000000077e-01, 9.312933666666666221e-01, 6.977415666666666461e-01, -3.295187333333333246e+00, 1.277670166666666551e+00, 4.473446333333333524e-01, -2.076509333333333540e+00, -1.078451000000000048e+00, 9.385415333333334276e-03, -3.039477666666666814e-02, -4.283558666666666070e+00, 5.799999999999999600e-01, 5.100000000000000089e-01, 8.700000000000001066e-01, 0.000000000000000000e+00, 0.000000000000000000e+00, 1.199999999999999956e-01, 0.000000000000000000e+00, 0.000000000000000000e+00, 0.000000000000000000e+00, 0.000000000000000000e+00, 6.133333333333332860e-01, 0.000000000000000000e+00, 1.700000000000000122e-01, 2.200000000000000011e-01, 5.533333333333333437e-01, 5.800000000000000711e-01, 5.100000000000000089e-01, 1.000000000000000000e+00, 0.000000000000000000e+00, 0.000000000000000000e+00, 0.000000000000000000e+00, 0.000000000000000000e+00, 0.000000000000000000e+00, 0.000000000000000000e+00, 0.000000000000000000e+00, 0.000000000000000000e+00, 0.000000000000000000e+00, 1.000000000000000000e+00, 0.000000000000000000e+00, 0.000000000000000000e+00, 3.333333333333333148e-01, 0.000000000000000000e+00, 1.000000000000000000e+00, 0.000000000000000000e+00, 0.000000000000000000e+00, 2.000000000000000000e+00
1.127000000000000028e+02, 1.129200000000000017e+02, 0.000000000000000000e+00, 0.000000000000000000e+00, 7.000000000000000000e+00, 1.092043681747270290e+00, 0.000000000000000000e+00, 0.000000000000000000e+00, 0.000000000000000000e+00, 0.000000000000000000e+00, 7.401260833333333546e-03, -1.537881833333333326e+01, 6.931064433333332886e+00, 1.356196333333333293e+01, -1.141309333333333420e+01, -1.959277333333333004e+01, -1.203404499999999899e+01, -1.106429483333333508e+01, -2.323723666666666521e+00, -3.644380938333333209e+00, -2.280168333333333977e-02, -8.702030333333334866e+00, -5.248362666666666065e+00, 9.185763666666667271e-02, 4.170980666666666559e-01, 3.952126499999999965e+01, 2.105240833333333359e-04, -6.054516349999998770e-01, 6.352791166666665879e-01, -3.858433333333333715e-01, -1.370852333333332507e-01, 9.126294000000000350e-01, -1.632561666666664524e-01, 7.347624999999999851e-01, -1.007246666666667956e-01, 1.438655350000000110e+00, -1.619507699999999106e-01, 1.087866666666566619e-03, 8.422038666666665785e-01, 5.163192666666665924e-03, -1.591370500000000368e-02, 1.904245000000000410e+00, 4.133333333333333304e-01, 4.349999999999999978e-01, 8.900000000000000133e-01, 3.333333333333333547e-03, 0.000000000000000000e+00, 2.166666666666666741e-01, 0.000000000000000000e+00, 0.000000000000000000e+00, 0.000000000000000000e+00, 0.000000000000000000e+00, 7.616666666666666030e-01, 0.000000000000000000e+00, 2.566666666666666541e-01, 2.283333333333333603e-01, 4.983333333333333504e-01, 3.133333333333332971e-01, 5.150000000000000133e-01, 1.000000000000000000e+00, 0.000000000000000000e+00, 0.000000000000000000e+00, 0.000000000000000000e+00, 0.000000000000000000e+00, 0.000000000000000000e+00, 0.000000000000000000e+00, 0.000000000000000000e+00, 0.000000000000000000e+00, 0.000000000000000000e+00, 1.000000000000000000e+00, 0.000000000000000000e+00, 0.000000000000000000e+00, 6.666666666666666297e-01, 0.000000000000000000e+00, 3.333333333333333148e-01, 0.000000000000000000e+00, 0.000000000000000000e+00, 2.000000000000000000e+00
1.129200000000000017e+02, 1.133499999999999943e+02, 0.000000000000000000e+00, 0.000000000000000000e+00, 7.000000000000000000e+00, 1.092043681747270290e+00, 0.000000000000000000e+00, 0.000000000000000000e+00, 0.000000000000000000e+00, 0.000000000000000000e+00, 3.754186358181817607e-03, -4.758596999999999966e+00, -3.577160881818181704e+00, -5.680137874545454046e+00, 3.312685963636363695e+00, -1.298067154545454471e+01, -9.705025090909090935e+00, -5.979578272727272825e+00, 7.050991454545454395e+00, -3.078575690909090667e+00, -1.326335272727272585e-01, -5.751793818181817564e+00, -6.679159454545454899e+00, 4.907197181818181986e-02, 3.971416272727273378e-01, 4.068769727272727010e+01, -6.258287172727273638e-04, 4.115510909090909775e-01, -8.063508809090909057e-01, -1.290537299999999998e+00, 1.093405854545454137e+00, 1.726342463636363789e+00, 1.229774706363636394e+00, 3.847339000000000175e-01, 1.135792727272714846e-02, -5.032650909090904956e-02, 5.258558981818180211e-02, 5.597419909090908252e-01, 1.190696545454545813e-01, -3.164771954545452914e-03, -1.374602727272727400e-02, -2.617466199999999521e+00, 4.054545454545454564e-01, 2.818181818181818565e-01, 8.127272727272725206e-01, 0.000000000000000000e+00, 0.000000000000000000e+00, 1.254545454545454575e-01, 0.000000000000000000e+00, 0.000000000000000000e+00, 0.000000000000000000e+00, 0.000000000000000000e+00, 7.154545454545455652e-01, 4.545454545454546101e-03, 4.363636363636363980e-02, 1.400000000000000411e-01, 3.381818181818181945e-01, 3.590909090909090717e-01, 4.490909090909090406e-01, 1.000000000000000000e+00, 0.000000000000000000e+00, 0.000000000000000000e+00, 2.727272727272727071e-01, 0.000000000000000000e+00, 0.000000000000000000e+00, 0.000000000000000000e+00, 0.000000000000000000e+00, 0.000000000000000000e+00, 0.000000000000000000e+00, 1.000000000000000000e+00, 0.000000000000000000e+00, 0.000000000000000000e+00, 3.636363636363636465e-01, 0.000000000000000000e+00, 5.454545454545454142e-01, 0.000000000000000000e+00, 0.000000000000000000e+00, 2.000000000000000000e+00
1.351399999999999864e+02, 1.353400000000000034e+02, 0.000000000000000000e+00, 0.000000000000000000e+00, 1.000000000000000000e+00, 4.999999999999574563e+00, 0.000000000000000000e+00, 0.000000000000000000e+00, 0.000000000000000000e+00, 0.000000000000000000e+00, 1.670434679999999823e-03, -2.469153399999999721e+01, -2.572148399999999668e+01, -2.236908099999999955e+00, 4.965650399999999465e+00, 7.394744600000000112e+00, -1.272559260000000059e+01, -2.152235600000000026e+00, 1.019498800000000038e+00, 2.572172160000000041e+00, 2.675990400000003572e-02, 2.026579360000000385e+00, 4.073165799999999948e+00, 1.311041799999999868e-01, 4.470826399999999756e-01, 0.000000000000000000e+00, -4.199657800000000359e-04, 7.755474199999999874e-01, 9.534179579999999543e-01, 1.448842999999999881e+00, 9.270786000000004468e-02, 1.883303879999999708e+00, -1.621093499999999965e+00, 7.094084726000000618e-01, -8.172504800000000014e-01, 7.928865999999999969e-01, 5.913119199999999909e-01, -1.105245919999999993e+00, 4.588171400000000122e-01, 8.979169599999999724e-04, 2.958470919999999643e-02, 0.000000000000000000e+00, 2.320000000000000395e-01, 2.799999999999999711e-01, 6.919999999999999485e-01, 0.000000000000000000e+00, 0.000000000000000000e+00, 0.000000000000000000e+00, 0.000000000000000000e+00, 0.000000000000000000e+00, 0.000000000000000000e+00, 0.000000000000000000e+00, 6.759999999999999343e-01, 0.000000000000000000e+00, 0.000000000000000000e+00, 0.000000000000000000e+00, 5.400000000000000633e-02, 6.400000000000000133e-02, 1.138000000000000345e+00, 1.000000000000000000e+00, 0.000000000000000000e+00, 0.000000000000000000e+00, 0.000000000000000000e+00, 0.000000000000000000e+00, 0.000000000000000000e+00, 0.000000000000000000e+00, 0.000000000000000000e+00, 0.000000000000000000e+00, 1.000000000000000000e+00, 1.000000000000000000e+00, 0.000000000000000000e+00, 0.000000000000000000e+00, 0.000000000000000000e+00, 0.000000000000000000e+00, 0.000000000000000000e+00, 0.000000000000000000e+00, 1.000000000000000000e+00, 3.000000000000000000e+00
1.530399999999999920e+02, 1.532199999999999989e+02, 0.000000000000000000e+00, 0.000000000000000000e+00, 5.000000000000000000e+00, 4.098360655737709024e+00, 0.000000000000000000e+00, 0.000000000000000000e+00, 0.000000000000000000e+00, 0.000000000000000000e+00, 5.422523599999999611e-03, -8.630456399999998141e+00, -1.982636220000000282e+00, 7.135064000000002071e-01, -3.662905460000000168e+00, -1.907706999999999908e+01, -1.572082599999999886e+01, -1.551396200000000114e+01, 1.132221600000000095e+01, -1.976534200000000041e+01, 6.699798219999999915e+00, 1.372740000000002014e-01, -5.579756000000000604e+00, 1.229166800000000004e-01, 4.436378600000000505e-01, 5.698031999999999186e+01, 8.129134799999999939e-04, 3.270076799999999562e+00, 3.981268419999999808e-01, -2.734414780000000267e+00, -6.284085799999999944e-01, -2.872923999999999478e-01, -1.541079454000000126e+00, -2.208671800000000296e+00, -2.256622600000000034e+00, -1.767214600000000191e+00, 3.910268999999999551e+00, -2.258023320000000389e+00, -2.086673600000000128e+00, -4.220625079999999751e-02, 7.131978800000000895e-02, 2.281091199999999830e+01, 3.099999999999999978e-01, 2.700000000000000178e-01, 9.640000000000000790e-01, 0.000000000000000000e+00, 0.000000000000000000e+00, 0.000000000000000000e+00, 0.000000000000000000e+00, 0.000000000000000000e+00, 0.000000000000000000e+00, 0.000000000000000000e+00, 1.060000000000000109e-01, 8.220000000000000639e-01, 0.000000000000000000e+00, 3.400000000000000938e-02, 0.000000000000000000e+00, 7.259999999999999787e-01, 1.106000000000000094e+00, 1.000000000000000000e+00, 0.000000000000000000e+00, 0.000000000000000000e+00, 0.000000000000000000e+00, 0.000000000000000000e+00, 0.000000000000000000e+00, 0.000000000000000000e+00, 0.000000000000000000e+00, 0.000000000000000000e+00, 0.000000000000000000e+00, 1.000000000000000000e+00, 1.000000000000000000e+00, 0.000000000000000000e+00, 0.000000000000000000e+00, 0.000000000000000000e+00, 0.000000000000000000e+00, 0.000000000000000000e+00, 1.000000000000000000e+00, 3.000000000000000000e+00
1.532199999999999989e+02, 1.534000000000000057e+02, 0.000000000000000000e+00, 0.000000000000000000e+00, 5.000000000000000000e+00, 4.098360655737709024e+00, 0.000000000000000000e+00, 0.000000000000000000e+00, 0.000000000000000000e+00, 0.000000000000000000e+00, 4.610718800000000034e-03, 2.903706399999999910e+00, 6.097978799999999922e+00, -1.694471599999999967e+01, -6.788678400000000224e+00, -1.056230640000000065e+01, -1.251820859999999946e+01, -2.039083400000000168e+01, 3.472626239999999420e+00, -1.555047599999999974e+01, 1.592387960000000113e+01, -1.069854239999999912e+01, -7.864620200000000061e+00, 2.845833400000000180e-02, 6.441411400000000009e-01, 1.254734799999999950e+02, -5.494558199999999932e-04, 1.088051653999999813e+00, 8.142144399999999838e-01, -7.699203800000000708e-01, -2.059006399999999404e-01, 8.995467799999999903e-01, 9.302137600000000006e-01, 1.256646599999999836e-01, -7.308867999999998921e-02, 2.061456759999999999e+00, -2.067190400000000317e+00, -4.904447100000000614e-01, 9.240847200000000816e-01, -1.270833280000000041e-03, -1.211111999999999649e-03, 2.701226559999998500e-01, 2.919999999999999818e-01, 1.219999999999999973e-01, 1.101999999999999869e+00, 0.000000000000000000e+00, 0.000000000000000000e+00, 0.000000000000000000e+00, 0.000000000000000000e+00, 0.000000000000000000e+00, 0.000000000000000000e+00, 0.000000000000000000e+00, 1.880000000000000004e-01, 8.920000000000000151e-01, 0.000000000000000000e+00, 4.599999999999999922e-02, 0.000000000000000000e+00, 9.259999999999999343e-01, 1.114000000000000101e+00, 1.000000000000000000e+00, 0.000000000000000000e+00, 0.000000000000000000e+00, 0.000000000000000000e+00, 0.000000000000000000e+00, 0.000000000000000000e+00, 0.000000000000000000e+00, 0.000000000000000000e+00, 0.000000000000000000e+00, 0.000000000000000000e+00, 1.000000000000000000e+00, 1.000000000000000000e+00, 0.000000000000000000e+00, 4.000000000000000222e-01, 0.000000000000000000e+00, 0.000000000000000000e+00, 0.000000000000000000e+00, 1.000000000000000000e+00, 3.000000000000000000e+00
1.534000000000000057e+02, 1.536100000000000136e+02, 0.000000000000000000e+00, 0.000000000000000000e+00, 5.000000000000000000e+00, 4.098360655737709024e+00, 0.000000000000000000e+00, 0.000000000000000000e+00, 0.000000000000000000e+00, 0.000000000000000000e+00, 6.966008333333333254e-03, -1.449142411666666463e+00, -2.791695166666666506e+00, -3.609991333333333774e+00, -7.269265333333333245e+00, -1.265378883333333171e+01, -1.593849333333333362e+01, -1.471576149999999927e+01, 1.655598050000000043e+00, -1.096867833333333131e+01, 7.840976500000000016e+00, -4.107960966666666991e+00, -6.255453166666666398e+00, 2.993055500000000105e-02, 6.128265666666665723e-01, 7.646498666666666111e+01, 1.469707833333333330e-03, -1.872756833333333537e+00, -2.463469073333333537e+00, 3.718544433333332844e+00, -1.309245400000000004e+00, -2.269609466666666631e+00, -8.101056666666667239e-01, 1.994775366666666550e+00, -8.662419166666667225e-01, -9.842489166666666955e-01, 7.334109500000000059e-01, 2.215227250000000314e+00, -3.892254666666667418e-01, 2.074652983333333343e-03, 8.526669166666665453e-03, -9.661907166666667379e+00, 4.716666666666666785e-01, 2.250000000000000056e-01, 1.126666666666666705e+00, 0.000000000000000000e+00, 0.000000000000000000e+00, 0.000000000000000000e+00, 0.000000000000000000e+00, 0.000000000000000000e+00, 0.000000000000000000e+00, 0.000000000000000000e+00, 3.750000000000000000e-01, 9.716666666666665675e-01, 0.000000000000000000e+00, 4.833333333333333925e-02, 0.000000000000000000e+00, 1.111666666666666581e+00, 1.155000000000000027e+00, 1.000000000000000000e+00, 0.000000000000000000e+00, 0.000000000000000000e+00, 0.000000000000000000e+00, 0.000000000000000000e+00, 0.000000000000000000e+00, 0.000000000000000000e+00, 0.000000000000000000e+00, 0.000000000000000000e+00, 0.000000000000000000e+00, 1.000000000000000000e+00, 1.000000000000000000e+00, 0.000000000000000000e+00, 1.000000000000000000e+00, 0.000000000000000000e+00, 3.333333333333333148e-01, 0.000000000000000000e+00, 1.000000000000000000e+00, 3.000000000000000000e+00
1.536200000000000045e+02, 1.536899999999999977e+02, 0.000000000000000000e+00, 0.000000000000000000e+00, 5.000000000000000000e+00, 4.098360655737709024e+00, 0.000000000000000000e+00, 0.000000000000000000e+00, 0.000000000000000000e+00, 0.000000000000000000e+00, 1.099719849999999943e-02, -6.901033500000000487e+00, -7.297221000000000402e+00, 5.554063499999999820e+00, -1.667920000000000158e+01, -2.203885000000000005e+01, -1.437864499999999879e+01, -7.652067499999999356e+00, 4.426000000000041013e-03, -1.728146999999999878e+01, 1.509174000000000149e+01, 2.550449500000000036e+00, -7.224706000000000294e+00, 3.937500000000000028e-02, 6.153359499999999649e-01, 1.045751999999999953e+02, -1.518396999999999889e-03, 6.294640499999999417e-01, -9.861221000000000014e-01, 4.924647999999999803e-01, -2.094122999999999735e+00, 1.004018300000000030e+00, 3.961085000000000300e-02, 1.284741499999999981e+00, 1.777862500000000123e+00, 1.245780149999999864e+00, -1.688136549999999847e+00, 1.276454999999999951e-02, -1.558717949999999797e-01, -2.083314999999999213e-05, -1.864380000000000551e-03, 1.755111800000000244e+01, 6.750000000000000444e-01, 4.250000000000000444e-01, 1.104999999999999982e+00, 0.000000000000000000e+00, 0.000000000000000000e+00, 0.000000000000000000e+00, 0.000000000000000000e+00, 0.000000000000000000e+00, 0.000000000000000000e+00, 0.000000000000000000e+00, 4.449999999999999512e-01, 9.449999999999999512e-01, 0.000000000000000000e+00, 0.000000000000000000e+00, 0.000000000000000000e+00, 1.129999999999999893e+00, 1.449999999999999956e+00, 1.000000000000000000e+00, 0.000000000000000000e+00, 0.000000000000000000e+00, 0.000000000000000000e+00, 0.000000000000000000e+00, 0.000000000000000000e+00, 0.000000000000000000e+00, 0.000000000000000000e+00, 0.000000000000000000e+00, 0.000000000000000000e+00, 1.000000000000000000e+00, 1.000000000000000000e+00, 0.000000000000000000e+00, 1.000000000000000000e+00, 0.000000000000000000e+00, 1.000000000000000000e+00, 0.000000000000000000e+00, 1.000000000000000000e+00, 3.000000000000000000e+00
1.536899999999999977e+02, 1.542599999999999909e+02, 0.000000000000000000e+00, 0.000000000000000000e+00, 5.000000000000000000e+00, 4.098360655737709024e+00, 0.000000000000000000e+00, 0.000000000000000000e+00, 0.000000000000000000e+00, 0.000000000000000000e+00, 3.711008525000000086e-03, -7.349245428571428818e+00, 2.589436071428571573e+00, 4.700771864285714585e+00, -1.002314364285714454e+01, -1.138838283571428533e+01, -4.135769957142856335e+00, -1.048389007142857210e+01, -3.346865542857142550e+00, -6.392590764285713156e+00, 2.034426485714285970e+00, -1.645154207142856873e+00, -2.675642514285714757e+00, 5.828869335714285255e-02, 5.066973735714285221e-01, 8.776014214285713422e+01, -6.602280942857143356e-04, -6.775319914285713452e-01, 9.317604785714289628e-01, -4.958356357142857385e-01, 1.528873515000000127e+00, 1.511511421428571422e+00, 1.209003889999999970e+00, 3.416380571428572765e-01, -1.379043642857143703e-01, 1.082842742857142770e+00, -8.045083285714288435e-01, -1.738092857142857217e-01, 5.500002157142855896e-01, 1.558779999999999628e-03, -3.818160149999999531e-02, -6.516016642857143104e+00, 5.071428571428571175e-01, 3.142857142857142239e-01, 1.000714285714285667e+00, 0.000000000000000000e+00, 0.000000000000000000e+00, 0.000000000000000000e+00, 0.000000000000000000e+00, 0.000000000000000000e+00, 0.000000000000000000e+00, 0.000000000000000000e+00, 4.942857142857143282e-01, 7.357142857142856540e-01, 0.000000000000000000e+00, 8.571428571428571508e-02, 7.142857142857142851e-04, 1.268571428571428461e+00, 1.353571428571428426e+00, 1.000000000000000000e+00, 0.000000000000000000e+00, 0.000000000000000000e+00, 0.000000000000000000e+00, 0.000000000000000000e+00, 0.000000000000000000e+00, 0.000000000000000000e+00, 0.000000000000000000e+00, 0.000000000000000000e+00, 0.000000000000000000e+00, 1.000000000000000000e+00, 1.000000000000000000e+00, 0.000000000000000000e+00, 8.571428571428570953e-01, 0.000000000000000000e+00, 7.857142857142856984e-01, 0.000000000000000000e+00, 1.000000000000000000e+00, 3.000000000000000000e+00
1.825399999999999920e+02, 1.831200000000000045e+02, 0.000000000000000000e+00, 0.000000000000000000e+00, 1.300000000000000000e+01, 3.591160220994470187e+00, 0.000000000000000000e+00, 0.000000000000000000e+00, 0.000000000000000000e+00, 0.000000000000000000e+00, 4.026115586666666017e-03, 4.024404320000000368e+00, -4.324958760000000346e+00, -1.168515638000000045e+01, 4.667905799999999772e+00, -2.419870999999999839e+01, -9.458294133333334130e+00, -1.490502160000000131e+01, 3.268955066666667353e+00, -1.165366586666666748e+01, 6.700319466666667445e+00, -1.367357733333332548e-01, -7.039292999999999800e+00, 2.920138866666666111e-02, 6.941430733333332492e-01, 1.199233306666666863e+02, 3.461456920000000135e-04, -4.903753866666667460e-01, 2.075426666666665629e-02, 8.436400866666666776e-01, -4.617029066666665238e-01, -1.042183153333333445e+00, -6.525403066666667362e-01, 5.211908400000000441e-01, 1.242538226666666690e+00, -8.102304447999999493e-01, -1.613541400000010782e-03, 1.316115866666666689e-01, -5.933036666666657161e-02, -3.893750133333334900e-03, -6.438350733333336566e-03, -2.003131946666666163e+00, 1.064666666666666650e+00, 4.166666666666666297e-01, 4.460000000000000075e-01, 4.726666666666667349e-01, 0.000000000000000000e+00, 0.000000000000000000e+00, 0.000000000000000000e+00, 5.966666666666665675e-01, 0.000000000000000000e+00, 4.666666666666666186e-03, 8.946666666666666101e-01, 1.919333333333333114e+00, 7.119999999999999662e-01, 1.385999999999999899e+00, 0.000000000000000000e+00, 0.000000000000000000e+00, 9.426666666666668748e-01, 6.666666666666666574e-02, 0.000000000000000000e+00, 0.000000000000000000e+00, 0.000000000000000000e+00, 0.000000000000000000e+00, 0.000000000000000000e+00, 0.000000000000000000e+00, 0.000000000000000000e+00, 0.000000000000000000e+00, 0.000000000000000000e+00, 1.333333333333333315e-01, 1.000000000000000000e+00, 7.333333333333332815e-01, 1.000000000000000000e+00, 0.000000000000000000e+00, 0.000000000000000000e+00, 0.000000000000000000e+00, 0.000000000000000000e+00, 3.000000000000000000e+00
1.831299999999999955e+02, 1.832700000000000102e+02, 0.000000000000000000e+00, 0.000000000000000000e+00, 1.300000000000000000e+01, 3.591160220994470187e+00, 0.000000000000000000e+00, 0.000000000000000000e+00, 0.000000000000000000e+00, 0.000000000000000000e+00, 8.910761666666667732e-03, -1.525797666666666608e+01, -2.248508333333333553e+00, 1.238474399999999953e+01, -1.183342333333333407e+01, -2.381542000000000314e+01, -1.499033000000000015e+01, -2.513549999999999951e+00, 3.599373166666666624e+00, -7.993824000000000041e+00, 4.650809666666666509e+00, -2.697236999999999885e+00, -3.904984333333333169e+00, 9.197915666666667267e-02, 2.621154000000000539e-01, 0.000000000000000000e+00, 2.151103666666666445e-03, -2.144537586666666495e+00, -1.640127866666666601e-01, -9.414616666666667522e-01, -1.759898666666666722e+00, 2.851213333333333377e+00, 1.073870199999999997e+00, -9.267132666666665353e-01, -2.260319233333333511e+00, 2.413677166666666540e+00, 5.780942666666667451e-01, 1.936372999999999844e-01, -2.030967299999999920e+00, 2.010416933333333475e-02, -2.591451833333333413e-02, 0.000000000000000000e+00, 9.400000000000000577e-01, 4.733333333333333282e-01, 4.500000000000000111e-01, 5.000000000000000000e-01, 0.000000000000000000e+00, 0.000000000000000000e+00, 0.000000000000000000e+00, 7.166666666666666741e-01, 0.000000000000000000e+00, 0.000000000000000000e+00, 8.166666666666667629e-01, 1.850000000000000311e+00, 7.266666666666666829e-01, 1.406666666666666510e+00, 0.000000000000000000e+00, 0.000000000000000000e+00, 1.129999999999999893e+00, 0.000000000000000000e+00, 0.000000000000000000e+00, 0.000000000000000000e+00, 0.000000000000000000e+00, 0.000000000000000000e+00, 0.000000000000000000e+00, 0.000000000000000000e+00, 0.000000000000000000e+00, 0.000000000000000000e+00, 0.000000000000000000e+00, 0.000000000000000000e+00, 1.000000000000000000e+00, 1.000000000000000000e+00, 1.000000000000000000e+00, 0.000000000000000000e+00, 0.000000000000000000e+00, 0.000000000000000000e+00, 0.000000000000000000e+00, 3.000000000000000000e+00
1.832700000000000102e+02, 1.834900000000000091e+02, 0.000000000000000000e+00, 0.000000000000000000e+00, 1.300000000000000000e+01, 3.591160220994470187e+00, 0.000000000000000000e+00, 0.000000000000000000e+00, 0.000000000000000000e+00, 0.000000000000000000e+00, 1.150975816666666672e-02, -9.904633333333334733e+00, -3.471205716666666774e+00, 8.098221666666665541e+00, -1.353546950000000315e+01, -2.425861000000000089e+01, -9.255033833333333959e+00, -1.415931533333333370e+01, -3.735336166666666458e+00, -1.173595050000000128e+01, 8.331377633333332255e+00, 1.576410550000000077e+00, -8.985712666666666237e+00, 5.904514499999999333e-02, 4.577108833333332627e-01, 5.813025333333333577e+01, -8.049069499999999796e-04, 7.842874333333335057e-01, 7.783528499999999850e-01, 1.297136616666666686e+00, 7.760806999999999567e-01, -5.405896466666667566e-01, 4.355732249999998973e-01, -1.588268950000000013e+00, -2.416144566666666160e-01, -7.820907899999999247e-01, -1.343990666666666556e+00, -3.515183833333332952e-01, 7.281440833333333584e-01, -9.119794166666667090e-03, 3.483510833333333667e-02, 6.773986666666666601e+00, 1.050000000000000044e+00, 5.233333333333333171e-01, 5.433333333333333348e-01, 6.316666666666665986e-01, 0.000000000000000000e+00, 0.000000000000000000e+00, 0.000000000000000000e+00, 6.366666666666666030e-01, 0.000000000000000000e+00, 0.000000000000000000e+00, 8.316666666666666652e-01, 1.883333333333333526e+00, 8.166666666666667629e-01, 1.458333333333333259e+00, 0.000000000000000000e+00, 0.000000000000000000e+00, 1.113333333333333508e+00, 0.000000000000000000e+00, 0.000000000000000000e+00, 0.000000000000000000e+00, 0.000000000000000000e+00, 0.000000000000000000e+00, 0.000000000000000000e+00, 0.000000000000000000e+00, 0.000000000000000000e+00, 0.000000000000000000e+00, 0.000000000000000000e+00, 0.000000000000000000e+00, 1.000000000000000000e+00, 8.333333333333333703e-01, 1.000000000000000000e+00, 0.000000000000000000e+00, 0.000000000000000000e+00, 0.000000000000000000e+00, 0.000000000000000000e+00, 3.000000000000000000e+00
1.834900000000000091e+02, 1.835900000000000034e+02, 0.000000000000000000e+00, 0.000000000000000000e+00, 1.300000000000000000e+01, 3.591160220994470187e+00, 0.000000000000000000e+00, 0.000000000000000000e+00, 0.000000000000000000e+00, 0.000000000000000000e+00, 9.639559000000000669e-03, -1.420739500000000177e+01, 4.678547000000000011e+00, 1.759276499999999999e+01, -1.119158149999999985e+01, -2.293180500000000066e+01, -4.133627999999999858e+00, -1.740070499999999853e+01, -3.324994999999999479e-01, -9.597083999999998838e+00, -2.796245500000000384e+00, -3.642165999999999570e+00, -3.409289999999999932e+00, 9.234377000000000557e-02, 3.870759499999999464e-01, 0.000000000000000000e+00, 2.599846999999999748e-03, -4.671366499999999533e+00, 2.508555000000000645e-01, 4.523025999999999991e-01, 2.578777000000000097e+00, 1.209050949999999958e+00, 1.075241649999999938e+00, 1.210617700000000019e+00, 2.189925999999999817e+00, 1.911640499999999854e+00, -1.583489000000000146e+00, 1.084819900000000059e+00, 3.929945000000000244e-01, 4.819270999999999971e-02, -9.423728000000000660e-02, -2.032196499999999872e+01, 1.040000000000000036e+00, 4.500000000000000666e-01, 5.400000000000000355e-01, 5.550000000000000488e-01, 0.000000000000000000e+00, 0.000000000000000000e+00, 0.000000000000000000e+00, 7.849999999999999201e-01, 0.000000000000000000e+00, 0.000000000000000000e+00, 8.850000000000000089e-01, 1.810000000000000053e+00, 7.249999999999999778e-01, 1.439999999999999947e+00, 0.000000000000000000e+00, 0.000000000000000000e+00, 1.020000000000000018e+00, 0.000000000000000000e+00, 0.000000000000000000e+00, 0.000000000000000000e+00, 0.000000000000000000e+00, 0.000000000000000000e+00, 0.000000000000000000e+00, 0.000000000000000000e+00, 0.000000000000000000e+00, 0.000000000000000000e+00, 0.000000000000000000e+00, 0.000000000000000000e+00, 1.000000000000000000e+00, 0.000000000000000000e+00, 1.000000000000000000e+00, 0.000000000000000000e+00, 0.000000000000000000e+00, 0.000000000000000000e+00, 0.000000000000000000e+00, 3.000000000000000000e+00
1.835900000000000034e+02, 1.839000000000000057e+02, 0.000000000000000000e+00, 0.000000000000000000e+00, 1.300000000000000000e+01, 3.591160220994470187e+00, 0.000000000000000000e+00, 0.000000000000000000e+00, 0.000000000000000000e+00, 0.000000000000000000e+00, 9.956451249999999711e-03, -1.488727100000000014e+01, -2.783397874999999466e+00, 9.596064750000000032e+00, 1.362738662499999975e+00, -2.149804437500000276e+01, -1.946374649999999917e+01, -1.333281962499999906e+01, 1.084763762500000084e+01, -9.596762125000001475e+00, 1.973870000000001457e-01, -2.806431700000000085e+00, -4.974313749999999423e+00, 1.054427037500000053e-01, 3.323722874999999743e-01, 0.000000000000000000e+00, -1.066944437499999995e-03, 1.257547324999999994e+00, -6.954126124999998604e-01, -1.710377100000000095e+00, 1.163571437499999917e+00, 1.431004650000000211e+00, -2.447684437500000865e+00, 4.125745499999998733e-01, 1.921868225000000097e+00, 1.162598999999999716e-01, 9.467833549999999931e-01, -9.312953750000001474e-01, 1.886019999999990343e-02, -1.120442674999999957e-02, -2.031740000000004966e-03, 0.000000000000000000e+00, 1.056249999999999911e+00, 3.625000000000000444e-01, 5.200000000000000178e-01, 4.162500000000000089e-01, 0.000000000000000000e+00, 0.000000000000000000e+00, 0.000000000000000000e+00, 5.387499999999999512e-01, 0.000000000000000000e+00, 0.000000000000000000e+00, 7.824999999999999734e-01, 1.935000000000000053e+00, 7.812500000000001110e-01, 1.479999999999999982e+00, 0.000000000000000000e+00, 0.000000000000000000e+00, 9.575000000000001288e-01, 0.000000000000000000e+00, 0.000000000000000000e+00, 0.000000000000000000e+00, 0.000000000000000000e+00, 0.000000000000000000e+00, 0.000000000000000000e+00, 0.000000000000000000e+00, 0.000000000000000000e+00, 0.000000000000000000e+00, 0.000000000000000000e+00, 2.500000000000000000e-01, 1.000000000000000000e+00, 2.500000000000000000e-01, 1.000000000000000000e+00, 0.000000000000000000e+00, 0.000000000000000000e+00, 0.000000000000000000e+00, 2.500000000000000000e-01, 3.000000000000000000e+00
1.839000000000000057e+02, 1.841599999999999966e+02, 0.000000000000000000e+00, 0.000000000000000000e+00, 1.300000000000000000e+01, 3.591160220994470187e+00, 0.000000000000000000e+00, 0.000000000000000000e+00, 0.000000000000000000e+00, 0.000000000000000000e+00, 6.510382857142857013e-03, -9.112369857142857299e+00, -3.338506385714285596e+00, -2.273782399999999981e+00, 1.193858457142856988e+00, -1.898508085714285798e+01, -2.683733285714285799e+01, -6.540054999999999730e+00, 1.199412842857142891e+01, -8.842912285714284337e+00, 7.118777857142857712e+00, -9.426203999999998473e+00, -4.264717142857143095e+00, 5.641369000000000244e-02, 4.343394714285714331e-01, 2.272465571428571351e+01, 1.368664571428571250e-04, 2.665873142857138473e-02, 4.465046142857143074e-01, -3.327904000000000417e-01, -9.175919999999999632e-01, -1.363019271428571377e+00, 7.110862714285713926e-01, 6.892773142857143709e-01, -1.276884534285714023e+00, 9.847248571428582342e-02, 2.833576499999998499e-01, 5.851463571428572319e-01, -1.161056300000000013e-01, -3.488096014285714096e-03, 2.420580571428571776e-02, 1.211481571428571336e+01, 4.814285714285713724e-01, 2.714285714285714218e-02, 2.099999999999999922e-01, 2.442857142857142727e-01, 0.000000000000000000e+00, 5.571428571428571619e-02, 0.000000000000000000e+00, 2.042857142857142649e-01, 1.171428571428571319e-01, 9.857142857142855985e-02, 9.471428571428572862e-01, 1.135714285714285676e+00, 9.400000000000000577e-01, 5.342857142857143637e-01, 0.000000000000000000e+00, 5.257142857142856895e-01, 5.957142857142857517e-01, 1.428571428571428492e-01, 1.428571428571428492e-01, 1.428571428571428492e-01, 1.428571428571428492e-01, 0.000000000000000000e+00, 0.000000000000000000e+00, 0.000000000000000000e+00, 0.000000000000000000e+00, 0.000000000000000000e+00, 1.428571428571428492e-01, 7.142857142857143016e-01, 5.714285714285713969e-01, 5.714285714285713969e-01, 7.142857142857143016e-01, 0.000000000000000000e+00, 1.428571428571428492e-01, 0.000000000000000000e+00, 0.000000000000000000e+00, 3.000000000000000000e+00
1.841599999999999966e+02, 1.843300000000000125e+02, 0.000000000000000000e+00, 0.000000000000000000e+00, 1.300000000000000000e+01, 3.591160220994470187e+00, 0.000000000000000000e+00, 0.000000000000000000e+00, 0.000000000000000000e+00, 0.000000000000000000e+00, 4.458856399999999894e-03, -7.258150800000000125e+00, -9.584356999999998905e-01, 9.869385999999999992e-01, -3.978656200000000531e+00, -1.744610399999999828e+01, -1.412163920000000061e+01, -1.057223879999999916e+01, 1.140610799999999925e+00, -4.325378800000000190e+00, 1.400306999999999968e+00, -1.385926119999999928e+00, -3.945223400000000602e+00, 3.925000400000000500e-02, 4.194638400000000322e-01, 5.298916799999999228e+01, -1.299077200000000655e-04, 1.224299320000000080e+00, -8.287611320000000115e-01, -3.043065799999999932e-02, -8.199883268000001113e-01, 8.706447400000001391e-01, 2.634103800000000550e+00, -2.723583519999999591e+00, -2.697649868000000062e+00, 1.776431399999999772e-01, -1.252491099999999857e+00, 1.343616672000000012e+00, -1.030821199999999715e-01, -7.520830399999999102e-04, 1.442577400000000232e-02, -1.171334616000000040e+01, 1.031999999999999806e+00, 2.399999999999999911e-01, 5.120000000000000107e-01, 9.800000000000000933e-01, 0.000000000000000000e+00, 4.919999999999999929e-01, 0.000000000000000000e+00, 0.000000000000000000e+00, 1.219999999999999973e-01, 0.000000000000000000e+00, 6.199999999999999956e-01, 4.900000000000000466e-01, 9.279999999999999361e-01, 8.739999999999999991e-01, 0.000000000000000000e+00, 0.000000000000000000e+00, 8.780000000000001137e-01, 4.000000000000000222e-01, 2.000000000000000111e-01, 4.000000000000000222e-01, 8.000000000000000444e-01, 0.000000000000000000e+00, 0.000000000000000000e+00, 0.000000000000000000e+00, 0.000000000000000000e+00, 0.000000000000000000e+00, 0.000000000000000000e+00, 2.000000000000000111e-01, 0.000000000000000000e+00, 1.000000000000000000e+00, 1.000000000000000000e+00, 0.000000000000000000e+00, 0.000000000000000000e+00, 0.000000000000000000e+00, 0.000000000000000000e+00, 3.000000000000000000e+00
1.843300000000000125e+02, 1.845800000000000125e+02, 0.000000000000000000e+00, 0.000000000000000000e+00, 1.300000000000000000e+01, 3.591160220994470187e+00, 0.000000000000000000e+00, 0.000000000000000000e+00, 0.000000000000000000e+00, 0.000000000000000000e+00, 7.722415166666666414e-03, -6.118640666666666839e+00, -6.535787666666666773e+00, 2.242463666666667077e+00, -8.085565666666667539e+00, -2.068755333333333013e+01, -1.663776999999999973e+01, -1.644876666666666765e+01, 4.064141833333333231e+00, -8.859253666666667471e+00, 1.054603250000000081e+01, -2.177707489333333246e+00, -7.416888166666667281e+00, 3.961805666666667197e-02, 5.814707500000000362e-01, 7.917030499999999904e+01, 5.697692533333332870e-04, -1.208823999999999899e+00, 5.734891833333333189e-01, 3.006111566666666679e+00, -2.154697714999999736e+00, -1.008371651666666535e+00, -1.039360499999998771e-01, 7.724885550000001322e-01, 1.250673333333333082e+00, -9.285482333333335003e-02, 1.454070366666666558e+00, -1.555117776666666396e+00, -5.156721666666667092e-01, 3.762152683333333438e-03, -1.514858833333333245e-02, 4.552368300000000367e+00, 1.686666666666666758e+00, 5.016666666666667052e-01, 4.199999999999999289e-01, 6.833333333333334592e-01, 0.000000000000000000e+00, 8.333333333333333703e-01, 0.000000000000000000e+00, 0.000000000000000000e+00, 1.433333333333333404e-01, 2.183333333333333515e-01, 5.183333333333334236e-01, 1.850000000000000255e-01, 3.583333333333333370e-01, 1.011666666666666714e+00, 0.000000000000000000e+00, 0.000000000000000000e+00, 6.916666666666667629e-01, 1.000000000000000000e+00, 0.000000000000000000e+00, 1.666666666666666574e-01, 8.333333333333333703e-01, 0.000000000000000000e+00, 0.000000000000000000e+00, 0.000000000000000000e+00, 0.000000000000000000e+00, 0.000000000000000000e+00, 0.000000000000000000e+00, 3.333333333333333148e-01, 0.000000000000000000e+00, 0.000000000000000000e+00, 1.000000000000000000e+00, 0.000000000000000000e+00, 0.000000000000000000e+00, 0.000000000000000000e+00, 0.000000000000000000e+00, 3.000000000000000000e+00
1.845800000000000125e+02, 1.848700000000000045e+02, 0.000000000000000000e+00, 0.000000000000000000e+00, 1.300000000000000000e+01, 3.591160220994470187e+00, 0.000000000000000000e+00, 0.000000000000000000e+00, 0.000000000000000000e+00, 0.000000000000000000e+00, 9.306634142857142175e-03, -1.647014142857143071e+01, 3.699618714285713761e+00, 1.618804399999999788e+01, -1.234773110000000074e+01, -2.254821428571428754e+01, -1.099988157142857226e+01, -1.116972228571428616e+01, 2.356418565714285762e+00, -9.090545714285713785e+00, 1.873376600000000058e+00, -9.738839999999997499e-01, -5.995262285714285433e+00, 1.080952414285714230e-01, 3.154680285714285826e-01, 0.000000000000000000e+00, -3.645391857142857338e-04, 3.898411285714284413e-01, -4.845138571428572183e-01, -2.111609085714285960e+00, 2.407672999999999952e+00, -3.361758285714284145e-01, -1.111218814285714229e+00, -2.317009571428570724e-01, 1.077577941428571551e+00, -8.499855814285713906e-01, -7.553764857142858391e-01, 1.701392971428571599e+00, 3.046863114285714436e-01, 3.124857142857072426e-05, -5.249475714285715619e-03, -5.381457142857143161e+00, 8.371428571428570775e-01, 2.099999999999999922e-01, 9.057142857142856940e-01, 0.000000000000000000e+00, 0.000000000000000000e+00, 8.942857142857143504e-01, 0.000000000000000000e+00, 0.000000000000000000e+00, 4.271428571428571019e-01, 4.557142857142857939e-01, 0.000000000000000000e+00, 0.000000000000000000e+00, 3.428571428571428742e-02, 7.399999999999999911e-01, 2.285714285714285712e-02, 0.000000000000000000e+00, 6.571428571428572507e-01, 8.571428571428570953e-01, 0.000000000000000000e+00, 7.142857142857143016e-01, 0.000000000000000000e+00, 0.000000000000000000e+00, 5.714285714285713969e-01, 0.000000000000000000e+00, 0.000000000000000000e+00, 0.000000000000000000e+00, 0.000000000000000000e+00, 0.000000000000000000e+00, 0.000000000000000000e+00, 0.000000000000000000e+00, 1.000000000000000000e+00, 0.000000000000000000e+00, 0.000000000000000000e+00, 0.000000000000000000e+00, 0.000000000000000000e+00, 3.000000000000000000e+00
1.848700000000000045e+02, 1.849300000000000068e+02, 0.000000000000000000e+00, 0.000000000000000000e+00, 1.300000000000000000e+01, 3.591160220994470187e+00, 1.000000000000000000e+00, 0.000000000000000000e+00, 0.000000000000000000e+00, 0.000000000000000000e+00, 4.786914499999999489e-03, -4.705417500000000253e+00, -7.544175499999999701e+00, -7.324937700000000440e-01, -4.215659499999999671e-01, -2.440724499999999964e+01, -1.495988999999999969e+01, -1.500284999999999869e+01, 1.105322999999999922e+01, -1.165434499999999929e+01, 5.588312000000000168e+00, 2.461355000000000182e+00, -4.475978500000000082e+00, 3.593749999999999722e-02, 5.311714000000000713e-01, 0.000000000000000000e+00, -7.250168999999999668e-04, 1.635031649999999948e+00, -1.832079499999999861e+00, -1.829344049999999999e+00, -4.107495999999999925e-01, 9.059211499999999528e-01, 3.913711499999999788e+00, 2.043131999999999948e+00, 1.611075500000000105e+00, 1.082560250000000002e+00, 6.043726000000000376e-01, -1.336931499999999939e+00, -4.739450499999999789e-01, -9.734373500000000762e-03, 7.243881500000000362e-02, 1.798623999999999867e+01, 6.550000000000000266e-01, 4.000000000000000083e-02, 7.250000000000000888e-01, 1.950000000000000067e-01, 0.000000000000000000e+00, 5.650000000000000577e-01, 0.000000000000000000e+00, 0.000000000000000000e+00, 4.199999999999999845e-01, 1.350000000000000089e-01, 0.000000000000000000e+00, 0.000000000000000000e+00, 0.000000000000000000e+00, 6.550000000000000266e-01, 0.000000000000000000e+00, 0.000000000000000000e+00, 3.800000000000000044e-01, 1.000000000000000000e+00, 0.000000000000000000e+00, 1.000000000000000000e+00, 0.000000000000000000e+00, 0.000000000000000000e+00, 5.000000000000000000e-01, 0.000000000000000000e+00, 0.000000000000000000e+00, 0.000000000000000000e+00, 0.000000000000000000e+00, 0.000000000000000000e+00, 0.000000000000000000e+00, 0.000000000000000000e+00, 1.000000000000000000e+00, 0.000000000000000000e+00, 0.000000000000000000e+00, 0.000000000000000000e+00, 0.000000000000000000e+00, 3.000000000000000000e+00
1.849300000000000068e+02, 1.853899999999999864e+02, 0.000000000000000000e+00, 0.000000000000000000e+00, 1.300000000000000000e+01, 3.591160220994470187e+00, 0.000000000000000000e+00, 0.000000000000000000e+00, 0.000000000000000000e+00, 0.000000000000000000e+00, 5.107132181818182376e-03, -1.015222850909090546e+01, 3.421204990909090693e+00, 2.243716272727273253e+00, -8.778954127272726282e+00, -1.658995045454545192e+01, -6.989463545454546178e-01, -1.064717981818181869e+01, -1.769992454545455063e+00, -9.441585818181819079e+00, 1.010102109090909295e+01, -4.102003181818181243e-01, -4.922497272727272666e+00, 7.377840818181817528e-02, 3.672098454545454360e-01, 2.807435727272727632e+01, -2.422486545454545146e-04, 5.927160818181819169e-01, 1.020812369090909000e+00, -1.169231427272727109e+00, 3.945458181818180532e-01, 6.774537645454546952e-01, 1.088801699999999872e+00, -5.299626818181823323e-02, -7.265626909090908692e-01, -3.484255454545457514e-02, 4.132432363636364681e-01, 5.671809090909090550e-02, -5.249713672727271963e-01, -6.931814545454548400e-04, -1.572650854545454280e-02, -3.270226363636363764e+00, 1.227272727272727515e+00, 5.399999999999999245e-01, 8.290909090909092116e-01, 3.636363636363636360e-03, 0.000000000000000000e+00, 3.681818181818181657e-01, 0.000000000000000000e+00, 0.000000000000000000e+00, 2.209090909090909161e-01, 2.627272727272727537e-01, 6.363636363636362980e-03, 0.000000000000000000e+00, 9.909090909090907673e-02, 4.245454545454545592e-01, 4.909090909090909477e-02, 0.000000000000000000e+00, 4.536363636363635599e-01, 1.000000000000000000e+00, 0.000000000000000000e+00, 3.636363636363636465e-01, 0.000000000000000000e+00, 0.000000000000000000e+00, 9.090909090909091161e-02, 0.000000000000000000e+00, 0.000000000000000000e+00, 0.000000000000000000e+00, 9.090909090909091161e-02, 0.000000000000000000e+00, 0.000000000000000000e+00, 0.000000000000000000e+00, 7.272727272727272929e-01, 0.000000000000000000e+00, 0.000000000000000000e+00, 0.000000000000000000e+00, 0.000000000000000000e+00, 3.000000000000000000e+00
1.853899999999999864e+02, 1.855300000000000011e+02, 0.000000000000000000e+00, 0.000000000000000000e+00, 1.300000000000000000e+01, 3.591160220994470187e+00, 0.000000000000000000e+00, 0.000000000000000000e+00, 0.000000000000000000e+00, 0.000000000000000000e+00, 4.571064749999999288e-03, 5.301667000000000129e+00, -6.031074499999999894e+00, -2.343633000000000166e+01, 7.774892499999999984e+00, -2.440194999999999936e+01, -2.606187225000000218e+00, -7.492239750000000420e+00, 7.584187250000000269e+00, -1.280184500000000014e+01, 1.181655250000000024e+01, 2.354923699999999620e+00, -1.697590000000000288e+01, 3.664063000000000042e-02, 4.906509249999999600e-01, 0.000000000000000000e+00, 8.375755999999998959e-04, 7.954980250000001085e-01, -2.514786200000000083e+00, -2.707339727499999960e+00, 1.081262399999999957e+00, -1.202853275000000055e+00, -6.061402999999998542e-01, 1.157885000000000053e+00, 1.446836499999999859e+00, -5.190020750000000627e-01, -6.083982499999998628e-02, 6.884729000000000543e-01, -1.728252249999999934e+00, 1.104166924999999732e-03, 6.076462500000000266e-02, 8.890129999999999200e+00, 1.737500000000000044e+00, 6.450000000000000178e-01, 8.925000000000000711e-01, 2.000000000000000111e-01, 0.000000000000000000e+00, 4.974999999999999423e-01, 0.000000000000000000e+00, 0.000000000000000000e+00, 1.799999999999999933e-01, 4.724999999999999756e-01, 1.350000000000000089e-01, 0.000000000000000000e+00, 0.000000000000000000e+00, 3.050000000000000488e-01, 2.275000000000000355e-01, 0.000000000000000000e+00, 4.449999999999999512e-01, 1.000000000000000000e+00, 0.000000000000000000e+00, 0.000000000000000000e+00, 0.000000000000000000e+00, 0.000000000000000000e+00, 0.000000000000000000e+00, 0.000000000000000000e+00, 0.000000000000000000e+00, 0.000000000000000000e+00, 1.000000000000000000e+00, 0.000000000000000000e+00, 0.000000000000000000e+00, 0.000000000000000000e+00, 2.500000000000000000e-01, 0.000000000000000000e+00, 0.000000000000000000e+00, 0.000000000000000000e+00, 0.000000000000000000e+00, 3.000000000000000000e+00
1.855300000000000011e+02, 1.861599999999999966e+02, 0.000000000000000000e+00, 0.000000000000000000e+00, 1.300000000000000000e+01, 3.591160220994470187e+00, 0.000000000000000000e+00, 0.000000000000000000e+00, 0.000000000000000000e+00, 0.000000000000000000e+00, 5.539904044999999395e-03, -1.352615736249999934e+01, 6.744616625000001697e-01, -5.056196231250000395e+00, -4.370490925000000360e+00, -9.835206275000000886e+00, -4.922489093750000322e+00, -1.280958806249999471e+00, 5.687778624999998200e+00, -1.074453912499999930e+01, 7.440964300000000087e+00, 1.901723937499999906e+00, -6.032095406249999847e+00, 1.451627537499999843e-01, 4.348420187499999479e-01, 6.949501187500000299e+01, -3.561531804375000143e-04, -1.099319556874999604e+00, 4.300195093749998310e-01, 9.906817500000000276e-01, -6.723111568750000933e-01, 1.392512343125000163e+00, 2.637327062499999486e-01, 4.206491687500000243e-01, -7.256716437499999284e-01, 6.208562374999999633e-01, -5.359722112499999414e-01, -7.246216250000002412e-02, 1.245237681250000117e+00, 1.280469137499999979e-02, -3.315894118750000591e-02, -2.222531625000000233e+00, 1.625000000000000000e+00, 8.393749999999999822e-01, 8.474999999999999201e-01, 4.499999999999999833e-02, 0.000000000000000000e+00, 9.656249999999999556e-01, 0.000000000000000000e+00, 0.000000000000000000e+00, 4.312500000000000777e-01, 1.843749999999999833e-01, 3.562500000000000389e-02, 0.000000000000000000e+00, 0.000000000000000000e+00, 5.806249999999999467e-01, 2.068749999999999756e-01, 0.000000000000000000e+00, 5.256250000000000089e-01, 1.000000000000000000e+00, 0.000000000000000000e+00, 6.250000000000000000e-01, 0.000000000000000000e+00, 0.000000000000000000e+00, 0.000000000000000000e+00, 0.000000000000000000e+00, 0.000000000000000000e+00, 0.000000000000000000e+00, 2.500000000000000000e-01, 0.000000000000000000e+00, 0.000000000000000000e+00, 0.000000000000000000e+00, 9.375000000000000000e-01, 0.000000000000000000e+00, 0.000000000000000000e+00, 0.000000000000000000e+00, 0.000000000000000000e+00, 3.000000000000000000e+00
2.101399999999999864e+02, 2.106500000000000057e+02, 0.000000000000000000e+00, 0.000000000000000000e+00, 1.000000000000000000e+00, 1.960784313725416173e+00, 0.000000000000000000e+00, 0.000000000000000000e+00, 0.000000000000000000e+00, 0.000000000000000000e+00, 1.873823999230769029e-03, -8.392208546153845816e+00, -8.592135930769229546e+00, -6.803227438461537657e-01, 9.881351461538461223e+00, -4.676835999999999771e+00, -1.239085700000000223e+01, -1.522445538461538739e+01, -2.263018076923077437e+00, 3.350682523076923935e+00, -4.297945384615384334e+00, 1.511848800000000326e+00, -1.644613176923076292e+00, 6.789262615384615562e-02, 6.191043461538462411e-01, 1.105281238461538749e+02, -8.929401692307691540e-05, -1.549492246153846287e+00, -8.406268615384615561e-01, -3.830086538461538459e-01, 1.058161991538461688e+00, 1.596741153846154226e+00, -5.403707330769230710e-01, 1.695880915384615273e+00, 1.155137253846153733e+00, 5.210854461538461102e-01, -3.658449430769230570e-01, -2.995783723076922422e-01, 6.814954846153846724e-01, -1.327243615384615487e-02, 4.272456307692309128e-03, 9.349501000000000062e+00, 5.392307692307694023e-01, 5.392307692307694023e-01, 1.269230769230769162e-01, 0.000000000000000000e+00, 0.000000000000000000e+00, 3.230769230769230810e-02, 0.000000000000000000e+00, 0.000000000000000000e+00, 7.384615384615383915e-02, 0.000000000000000000e+00, 1.123076923076922889e-01, 0.000000000000000000e+00, 1.307692307692307765e-01, 0.000000000000000000e+00, 4.007692307692307665e-01, 0.000000000000000000e+00, 2.726153846153846594e+00, 7.692307692307692735e-01, 2.307692307692307820e-01, 0.000000000000000000e+00, 0.000000000000000000e+00, 0.000000000000000000e+00, 0.000000000000000000e+00, 0.000000000000000000e+00, 0.000000000000000000e+00, 0.000000000000000000e+00, 0.000000000000000000e+00, 0.000000000000000000e+00, 0.000000000000000000e+00, 0.000000000000000000e+00, 0.000000000000000000e+00, 0.000000000000000000e+00, 0.000000000000000000e+00, 0.000000000000000000e+00, 1.000000000000000000e+00, 3.000000000000000000e+00
2.147400000000000091e+02, 2.152500000000000000e+02, 1.000000000000000000e+00, 0.000000000000000000e+00, 1.000000000000000000e+00, 1.960784313725524752e+00, 0.000000000000000000e+00, 0.000000000000000000e+00, 0.000000000000000000e+00, 0.000000000000000000e+00, 6.266902956923076778e-03, -5.867857461538462438e+00, 2.882070223076923288e+00, 9.951484230769231942e-01, -2.877993630769230649e+00, -1.540233878923076638e+01, -1.237090238461538760e+01, -6.916962984615384613e+00, 1.599422130769230233e+00, -9.757286153846154164e+00, 4.202613523076922597e+00, -2.887075823076922454e+00, -2.987791815384615468e+00, 3.055288538461539000e-02, 4.170747461538461542e-01, 4.496574999999999989e+01, -1.080268538461539224e-04, -6.194424307692307785e-01, 2.255292307692305983e-03, 3.496904361538463180e-01, 2.863127923076922987e-01, 1.113459730769230660e+00, 8.359676461538462222e-01, 9.265803076923068149e-02, 1.287315800000000121e-01, 6.719451076923076416e-01, -1.633806384615384966e-01, -1.941639538461537307e-01, 6.435021461538452392e-02, -2.155449076923075964e-04, -1.899294063846153693e-02, -5.469463846153846731e+00, 4.130769230769230083e-01, 0.000000000000000000e+00, 4.084615384615383760e-01, 0.000000000000000000e+00, 0.000000000000000000e+00, 3.769230769230769856e-02, 0.000000000000000000e+00, 0.000000000000000000e+00, 0.000000000000000000e+00, 0.000000000000000000e+00, 1.600000000000000033e-01, 0.000000000000000000e+00, 0.000000000000000000e+00, 3.076923076923077094e-02, 1.923076923076923184e-01, 2.307692307692307473e-02, 6.300000000000000044e-01, 0.000000000000000000e+00, 0.000000000000000000e+00, 0.000000000000000000e+00, 0.000000000000000000e+00, 0.000000000000000000e+00, 0.000000000000000000e+00, 0.000000000000000000e+00, 0.000000000000000000e+00, 0.000000000000000000e+00, 0.000000000000000000e+00, 0.000000000000000000e+00, 0.000000000000000000e+00, 0.000000000000000000e+00, 0.000000000000000000e+00, 0.000000000000000000e+00, 0.000000000000000000e+00, 0.000000000000000000e+00, 6.153846153846154188e-01, 3.000000000000000000e+00
2.448400000000000034e+02, 2.450500000000000114e+02, 0.000000000000000000e+00, 0.000000000000000000e+00, 3.000000000000000000e+00, 2.272727272727284475e+00, 0.000000000000000000e+00, 0.000000000000000000e+00, 0.000000000000000000e+00, 0.000000000000000000e+00, 1.039057293333333319e-02, -1.043147466666666645e+01, -1.719425833333333209e+00, -2.236687833333332875e+00, -2.481476183333333196e+00, -1.947571916666666780e+01, -1.791381000000000157e+01, -1.195947199999999988e+01, 1.063092216666666623e+01, -5.552976833333333140e+00, -2.792597635666666633e+00, 4.458406816666666828e+00, -9.957166333333333341e+00, 1.530381950000000157e-01, 3.618967500000000448e-01, 0.000000000000000000e+00, 3.398094999999999848e-03, -3.284011833333333463e-01, 9.298463066666666776e-01, 1.253665704999999964e+00, -1.272486666666666766e-02, -3.028295050000000099e+00, -8.795565500000001036e-01, -1.844903516666666521e+00, -1.314691499999999902e+00, 3.091987833333333380e-01, 4.587894166666666718e-01, -5.538323166666666575e-01, -1.764444983333333328e+00, -7.562153016666665895e-02, 2.477906333333334057e-02, 0.000000000000000000e+00, 7.716666666666666119e-01, 9.216666666666667451e-01, 4.499999999999999556e-01, 3.699999999999999400e-01, 0.000000000000000000e+00, 0.000000000000000000e+00, 0.000000000000000000e+00, 0.000000000000000000e+00, 0.000000000000000000e+00, 3.649999999999999356e-01, 0.000000000000000000e+00, 0.000000000000000000e+00, 1.653333333333333544e+00, 2.166666666666666741e-02, 7.166666666666667018e-02, 3.766666666666666496e-01, 1.896666666666666501e+00, 1.000000000000000000e+00, 0.000000000000000000e+00, 0.000000000000000000e+00, 0.000000000000000000e+00, 0.000000000000000000e+00, 0.000000000000000000e+00, 0.000000000000000000e+00, 0.000000000000000000e+00, 0.000000000000000000e+00, 1.000000000000000000e+00, 6.666666666666666297e-01, 0.000000000000000000e+00, 1.000000000000000000e+00, 0.000000000000000000e+00, 0.000000000000000000e+00, 0.000000000000000000e+00, 0.000000000000000000e+00, 1.000000000000000000e+00, 2.000000000000000000e+00
2.450500000000000114e+02, 2.454199999999999875e+02, 0.000000000000000000e+00, 0.000000000000000000e+00, 3.000000000000000000e+00, 2.272727272727284475e+00, 0.000000000000000000e+00, 0.000000000000000000e+00, 0.000000000000000000e+00, 0.000000000000000000e+00, 2.114246555555555560e-02, -1.243246644444444549e+01, -3.396851477777778072e+00, -1.374160877777777845e+00, -4.119911111111111524e+00, -1.527577111111111208e+01, -1.318999822222222207e+01, -6.166086733333333569e+00, 8.961956000000000699e+00, -7.327670999999999601e+00, 2.640249022222222131e+00, -2.892420988888888989e+00, -1.111186111111111074e+01, 9.226852111111111254e-02, 4.866167000000000131e-01, 8.957347333333332529e+01, 1.529945166666666799e-03, -9.885652777777779177e-01, 6.006508111111110715e-01, -6.781227422222221302e-01, -3.354392011111110850e-01, 7.944698444444445729e-01, 6.401834222222222426e-01, 1.696840533333333179e+00, -1.078562888888889154e-01, -9.535354777777776958e-01, -5.071447777777776666e-01, 1.426209111111113592e-01, 3.101499888888888945e-01, 1.889467633333333577e-02, -1.313560722222222726e-02, 4.193608177777777613e+00, 5.933333333333333792e-01, 6.788888888888889861e-01, 3.122222222222222343e-01, 5.444444444444444114e-02, 0.000000000000000000e+00, 3.777777777777777124e-02, 0.000000000000000000e+00, 0.000000000000000000e+00, 6.666666666666666574e-02, 7.899999999999999245e-01, 0.000000000000000000e+00, 0.000000000000000000e+00, 1.524444444444444491e+00, 7.000000000000000666e-02, 1.522222222222222032e-01, 5.844444444444444331e-01, 1.597777777777777963e+00, 1.000000000000000000e+00, 4.444444444444444198e-01, 0.000000000000000000e+00, 0.000000000000000000e+00, 0.000000000000000000e+00, 0.000000000000000000e+00, 0.000000000000000000e+00, 0.000000000000000000e+00, 1.111111111111111049e-01, 1.000000000000000000e+00, 6.666666666666666297e-01, 0.000000000000000000e+00, 1.000000000000000000e+00, 0.000000000000000000e+00, 0.000000000000000000e+00, 0.000000000000000000e+00, 0.000000000000000000e+00, 1.000000000000000000e+00, 2.000000000000000000e+00
2.454199999999999875e+02, 2.461599999999999966e+02, 0.000000000000000000e+00, 0.000000000000000000e+00, 3.000000000000000000e+00, 2.272727272727284475e+00, 1.000000000000000000e+00, 0.000000000000000000e+00, 0.000000000000000000e+00, 0.000000000000000000e+00, 1.131475176263157731e-02, -1.270454810526315725e+01, 6.829123736842105608e+00, 2.921408668421052734e+00, -5.458621052631579040e+00, -1.453655568947368693e+01, -3.759770873684209480e+00, -1.175192692631578950e+01, -4.080107458947368926e+00, -6.342169457894737405e+00, 1.584445789473684085e+00, 1.798940547368421461e+00, -4.919293805263156294e+00, 8.695175263157897683e-02, 3.485250473684209926e-01, 5.234436578947368446e+01, -1.825307948157894834e-03, 8.203744631578946400e-01, -2.398840526315786439e-02, 1.313697894736841343e-01, 4.895265789473683959e-01, 7.470389210526314772e-01, 9.049412842105264421e-01, 5.539891052631578106e-01, -2.927730315789472404e-01, 5.742086678947367906e-01, -1.176241263157889669e-02, -1.836895484210526175e-01, -1.582822989473685327e-01, -1.241721474210526199e-02, 7.405351855263159894e-03, -1.986445873684209884e+00, 1.099473684210526603e+00, 1.311578947368421399e+00, 4.763157894736842479e-01, 9.842105263157893691e-02, 0.000000000000000000e+00, 1.842105263157894912e-02, 0.000000000000000000e+00, 0.000000000000000000e+00, 0.000000000000000000e+00, 1.231578947368421190e-01, 1.352631578947368352e-01, 0.000000000000000000e+00, 8.842105263157893358e-01, 6.631578947368421684e-02, 4.321052631578947700e-01, 1.503157894736842470e+00, 1.564210526315789718e+00, 1.000000000000000000e+00, 0.000000000000000000e+00, 0.000000000000000000e+00, 0.000000000000000000e+00, 0.000000000000000000e+00, 0.000000000000000000e+00, 0.000000000000000000e+00, 0.000000000000000000e+00, 0.000000000000000000e+00, 4.210526315789473450e-01, 6.315789473684210176e-01, 0.000000000000000000e+00, 2.631578947368420907e-01, 0.000000000000000000e+00, 1.578947368421052544e-01, 9.473684210526315264e-01, 0.000000000000000000e+00, 1.000000000000000000e+00, 2.000000000000000000e+00
